Tiempo,VoltajeCH1,ResolucionVCH1
-3.16e-06,0.004,0.004
-3.156e-06,0.0,0.004
-3.1519999999999996e-06,-0.004,0.004
-3.1479999999999998e-06,0.0,0.004
-3.144e-06,0.004,0.004
-3.14e-06,0.004,0.004
-3.1359999999999997e-06,0.0,0.004
-3.132e-06,0.004,0.004
-3.128e-06,0.0,0.004
-3.1239999999999997e-06,0.004,0.004
-3.1199999999999998e-06,0.0,0.004
-3.116e-06,0.004,0.004
-3.112e-06,0.008,0.004
-3.1079999999999997e-06,0.004,0.004
-3.104e-06,0.0,0.004
-3.1e-06,0.0,0.004
-3.0959999999999997e-06,0.0,0.004
-3.0919999999999998e-06,0.004,0.004
-3.088e-06,0.0,0.004
-3.0839999999999996e-06,0.0,0.004
-3.0799999999999997e-06,0.0,0.004
-3.076e-06,0.0,0.004
-3.072e-06,0.0,0.004
-3.0679999999999997e-06,0.0,0.004
-3.064e-06,0.0,0.004
-3.06e-06,0.0,0.004
-3.0559999999999996e-06,0.0,0.004
-3.0519999999999997e-06,0.0,0.004
-3.048e-06,0.0,0.004
-3.044e-06,0.0,0.004
-3.0399999999999997e-06,0.004,0.004
-3.036e-06,0.0,0.004
-3.032e-06,-0.004,0.004
-3.0279999999999996e-06,0.008,0.004
-3.0239999999999998e-06,0.004,0.004
-3.02e-06,0.0,0.004
-3.0159999999999996e-06,0.004,0.004
-3.0119999999999997e-06,0.004,0.004
-3.008e-06,0.004,0.004
-3.004e-06,0.0,0.004
-2.9999999999999997e-06,-0.004,0.004
-2.9959999999999998e-06,0.0,0.004
-2.992e-06,0.0,0.004
-2.988e-06,0.004,0.004
-2.9839999999999997e-06,0.004,0.004
-2.98e-06,0.0,0.004
-2.976e-06,0.0,0.004
-2.9719999999999997e-06,-0.004,0.004
-2.968e-06,0.004,0.004
-2.964e-06,0.0,0.004
-2.9599999999999996e-06,0.0,0.004
-2.9559999999999997e-06,0.0,0.004
-2.952e-06,0.008,0.004
-2.948e-06,0.004,0.004
-2.9439999999999997e-06,0.004,0.004
-2.94e-06,0.0,0.004
-2.936e-06,0.004,0.004
-2.9319999999999996e-06,0.004,0.004
-2.9279999999999997e-06,0.0,0.004
-2.924e-06,0.0,0.004
-2.92e-06,0.008,0.004
-2.9159999999999997e-06,0.004,0.004
-2.912e-06,0.0,0.004
-2.908e-06,-0.004,0.004
-2.9039999999999996e-06,0.0,0.004
-2.8999999999999998e-06,0.0,0.004
-2.896e-06,0.0,0.004
-2.8919999999999996e-06,0.0,0.004
-2.8879999999999997e-06,0.0,0.004
-2.884e-06,0.0,0.004
-2.88e-06,0.004,0.004
-2.8759999999999997e-06,0.0,0.004
-2.8719999999999998e-06,0.0,0.004
-2.868e-06,0.004,0.004
-2.864e-06,0.004,0.004
-2.8599999999999997e-06,0.004,0.004
-2.856e-06,0.0,0.004
-2.852e-06,0.0,0.004
-2.8479999999999997e-06,0.0,0.004
-2.844e-06,0.0,0.004
-2.84e-06,0.0,0.004
-2.8359999999999996e-06,0.0,0.004
-2.8319999999999997e-06,0.004,0.004
-2.828e-06,0.0,0.004
-2.8239999999999996e-06,0.004,0.004
-2.8199999999999997e-06,0.008,0.004
-2.816e-06,0.0,0.004
-2.812e-06,0.004,0.004
-2.8079999999999996e-06,0.0,0.004
-2.8039999999999998e-06,-0.004,0.004
-2.8e-06,0.0,0.004
-2.796e-06,0.0,0.004
-2.7919999999999997e-06,0.0,0.004
-2.788e-06,0.004,0.004
-2.784e-06,0.004,0.004
-2.7799999999999996e-06,0.004,0.004
-2.7759999999999998e-06,0.0,0.004
-2.772e-06,0.0,0.004
-2.7679999999999996e-06,0.0,0.004
-2.7639999999999997e-06,0.0,0.004
-2.76e-06,0.0,0.004
-2.756e-06,0.0,0.004
-2.7519999999999997e-06,0.004,0.004
-2.7479999999999998e-06,0.0,0.004
-2.744e-06,-0.004,0.004
-2.74e-06,0.0,0.004
-2.7359999999999997e-06,0.0,0.004
-2.732e-06,0.004,0.004
-2.728e-06,0.004,0.004
-2.7239999999999997e-06,0.0,0.004
-2.72e-06,0.004,0.004
-2.716e-06,0.004,0.004
-2.7119999999999996e-06,0.004,0.004
-2.7079999999999997e-06,0.0,0.004
-2.704e-06,0.0,0.004
-2.6999999999999996e-06,0.004,0.004
-2.6959999999999997e-06,0.004,0.004
-2.692e-06,0.0,0.004
-2.688e-06,0.004,0.004
-2.6839999999999996e-06,0.0,0.004
-2.6799999999999998e-06,0.0,0.004
-2.676e-06,0.0,0.004
-2.672e-06,0.0,0.004
-2.6679999999999997e-06,0.004,0.004
-2.664e-06,0.004,0.004
-2.66e-06,-0.004,0.004
-2.6559999999999996e-06,-0.004,0.004
-2.6519999999999998e-06,0.004,0.004
-2.648e-06,0.0,0.004
-2.6439999999999996e-06,0.0,0.004
-2.6399999999999997e-06,0.0,0.004
-2.636e-06,-0.004,0.004
-2.6319999999999995e-06,0.004,0.004
-2.6279999999999997e-06,0.004,0.004
-2.6239999999999998e-06,0.0,0.004
-2.62e-06,0.0,0.004
-2.616e-06,0.0,0.004
-2.6119999999999997e-06,0.008,0.004
-2.608e-06,0.008,0.004
-2.604e-06,-0.004,0.004
-2.5999999999999997e-06,0.008,0.004
-2.596e-06,0.0,0.004
-2.592e-06,-0.004,0.004
-2.5879999999999996e-06,0.0,0.004
-2.5839999999999997e-06,0.004,0.004
-2.58e-06,0.0,0.004
-2.5759999999999996e-06,0.0,0.004
-2.5719999999999997e-06,0.008,0.004
-2.568e-06,0.0,0.004
-2.564e-06,0.004,0.004
-2.5599999999999996e-06,0.004,0.004
-2.5559999999999998e-06,0.004,0.004
-2.552e-06,0.0,0.004
-2.548e-06,0.0,0.004
-2.5439999999999997e-06,0.0,0.004
-2.54e-06,0.004,0.004
-2.536e-06,0.004,0.004
-2.5319999999999996e-06,0.0,0.004
-2.5279999999999998e-06,0.0,0.004
-2.524e-06,0.004,0.004
-2.5199999999999996e-06,0.008,0.004
-2.5159999999999997e-06,0.004,0.004
-2.512e-06,0.004,0.004
-2.5079999999999995e-06,0.004,0.004
-2.5039999999999997e-06,0.0,0.004
-2.4999999999999998e-06,0.0,0.004
-2.496e-06,0.004,0.004
-2.492e-06,0.004,0.004
-2.4879999999999997e-06,0.004,0.004
-2.484e-06,0.004,0.004
-2.48e-06,-0.004,0.004
-2.4759999999999997e-06,-0.004,0.004
-2.472e-06,0.008,0.004
-2.468e-06,0.0,0.004
-2.4639999999999996e-06,0.0,0.004
-2.4599999999999997e-06,0.0,0.004
-2.456e-06,0.0,0.004
-2.4519999999999996e-06,0.0,0.004
-2.4479999999999997e-06,0.0,0.004
-2.444e-06,0.004,0.004
-2.4399999999999995e-06,0.004,0.004
-2.4359999999999996e-06,-0.004,0.004
-2.4319999999999998e-06,0.0,0.004
-2.428e-06,0.0,0.004
-2.424e-06,0.008,0.004
-2.4199999999999997e-06,0.0,0.004
-2.416e-06,0.004,0.004
-2.412e-06,0.0,0.004
-2.4079999999999996e-06,0.004,0.004
-2.4039999999999998e-06,0.004,0.004
-2.4e-06,0.004,0.004
-2.3959999999999996e-06,0.0,0.004
-2.3919999999999997e-06,0.004,0.004
-2.388e-06,0.004,0.004
-2.3839999999999995e-06,0.008,0.004
-2.3799999999999997e-06,0.0,0.004
-2.3759999999999998e-06,0.0,0.004
-2.372e-06,-0.004,0.004
-2.368e-06,0.004,0.004
-2.3639999999999997e-06,0.0,0.004
-2.36e-06,0.0,0.004
-2.356e-06,0.004,0.004
-2.3519999999999997e-06,0.004,0.004
-2.348e-06,-0.004,0.004
-2.344e-06,0.0,0.004
-2.3399999999999996e-06,0.004,0.004
-2.3359999999999997e-06,0.008,0.004
-2.332e-06,0.004,0.004
-2.3279999999999996e-06,0.0,0.004
-2.3239999999999997e-06,0.004,0.004
-2.32e-06,0.004,0.004
-2.3159999999999995e-06,0.008,0.004
-2.3119999999999996e-06,0.004,0.004
-2.3079999999999998e-06,0.0,0.004
-2.304e-06,0.004,0.004
-2.3e-06,0.0,0.004
-2.2959999999999997e-06,0.0,0.004
-2.292e-06,0.0,0.004
-2.288e-06,0.0,0.004
-2.2839999999999996e-06,0.0,0.004
-2.2799999999999998e-06,0.004,0.004
-2.276e-06,0.004,0.004
-2.2719999999999996e-06,0.0,0.004
-2.2679999999999997e-06,0.0,0.004
-2.264e-06,0.0,0.004
-2.2599999999999995e-06,0.004,0.004
-2.2559999999999997e-06,0.0,0.004
-2.2519999999999998e-06,0.004,0.004
-2.248e-06,0.004,0.004
-2.2439999999999996e-06,0.0,0.004
-2.2399999999999997e-06,0.0,0.004
-2.236e-06,0.0,0.004
-2.232e-06,0.0,0.004
-2.2279999999999997e-06,-0.004,0.004
-2.224e-06,0.004,0.004
-2.22e-06,0.004,0.004
-2.2159999999999996e-06,0.004,0.004
-2.2119999999999997e-06,0.004,0.004
-2.208e-06,-0.004,0.004
-2.2039999999999996e-06,0.004,0.004
-2.1999999999999997e-06,0.004,0.004
-2.196e-06,0.0,0.004
-2.1919999999999995e-06,0.0,0.004
-2.188e-06,0.004,0.004
-2.1839999999999998e-06,-0.004,0.004
-2.1799999999999995e-06,0.0,0.004
-2.176e-06,0.0,0.004
-2.1719999999999997e-06,0.0,0.004
-2.168e-06,0.004,0.004
-2.164e-06,0.004,0.004
-2.1599999999999996e-06,0.004,0.004
-2.1559999999999998e-06,0.004,0.004
-2.152e-06,-0.004,0.004
-2.1479999999999996e-06,0.0,0.004
-2.1439999999999997e-06,0.0,0.004
-2.14e-06,0.0,0.004
-2.1359999999999995e-06,0.0,0.004
-2.1319999999999997e-06,0.004,0.004
-2.1279999999999998e-06,0.004,0.004
-2.1239999999999995e-06,0.008,0.004
-2.12e-06,0.004,0.004
-2.1159999999999997e-06,0.0,0.004
-2.112e-06,0.0,0.004
-2.108e-06,-0.004,0.004
-2.1039999999999997e-06,0.0,0.004
-2.1e-06,0.004,0.004
-2.096e-06,0.0,0.004
-2.0919999999999996e-06,0.004,0.004
-2.0879999999999997e-06,0.0,0.004
-2.084e-06,-0.004,0.004
-2.0799999999999996e-06,-0.004,0.004
-2.0759999999999997e-06,0.004,0.004
-2.072e-06,0.004,0.004
-2.0679999999999995e-06,0.004,0.004
-2.064e-06,-0.004,0.004
-2.0599999999999998e-06,0.0,0.004
-2.0559999999999995e-06,-0.004,0.004
-2.052e-06,0.0,0.004
-2.0479999999999997e-06,0.004,0.004
-2.044e-06,0.0,0.004
-2.04e-06,0.004,0.004
-2.0359999999999996e-06,0.0,0.004
-2.0319999999999998e-06,0.004,0.004
-2.028e-06,0.008,0.004
-2.0239999999999996e-06,0.0,0.004
-2.0199999999999997e-06,0.0,0.004
-2.016e-06,0.0,0.004
-2.0119999999999995e-06,0.0,0.004
-2.0079999999999997e-06,0.004,0.004
-2.0039999999999998e-06,0.004,0.004
-1.9999999999999995e-06,0.004,0.004
-1.996e-06,0.004,0.004
-1.9919999999999997e-06,-0.004,0.004
-1.9879999999999994e-06,0.0,0.004
-1.984e-06,0.0,0.004
-1.9799999999999997e-06,0.004,0.004
-1.976e-06,0.0,0.004
-1.972e-06,0.0,0.004
-1.9679999999999996e-06,0.0,0.004
-1.9639999999999997e-06,0.0,0.004
-1.96e-06,0.004,0.004
-1.9559999999999996e-06,0.008,0.004
-1.9519999999999997e-06,0.004,0.004
-1.948e-06,0.0,0.004
-1.9439999999999995e-06,0.004,0.004
-1.9399999999999996e-06,0.004,0.004
-1.9359999999999998e-06,0.004,0.004
-1.9319999999999995e-06,0.0,0.004
-1.928e-06,0.0,0.004
-1.9239999999999997e-06,0.0,0.004
-1.92e-06,0.0,0.004
-1.916e-06,0.0,0.004
-1.9119999999999997e-06,0.004,0.004
-1.9079999999999998e-06,0.0,0.004
-1.9039999999999997e-06,0.0,0.004
-1.8999999999999998e-06,0.004,0.004
-1.8959999999999997e-06,0.004,0.004
-1.8919999999999996e-06,0.0,0.004
-1.8879999999999998e-06,0.0,0.004
-1.8839999999999997e-06,0.004,0.004
-1.8799999999999998e-06,0.004,0.004
-1.8759999999999997e-06,0.0,0.004
-1.8719999999999998e-06,0.0,0.004
-1.8679999999999997e-06,0.0,0.004
-1.8639999999999996e-06,-0.004,0.004
-1.8599999999999998e-06,0.0,0.004
-1.8559999999999997e-06,0.004,0.004
-1.8519999999999998e-06,0.004,0.004
-1.8479999999999997e-06,0.008,0.004
-1.8439999999999998e-06,0.0,0.004
-1.8399999999999997e-06,0.0,0.004
-1.8359999999999997e-06,0.0,0.004
-1.8319999999999998e-06,0.004,0.004
-1.8279999999999997e-06,0.0,0.004
-1.8239999999999998e-06,0.004,0.004
-1.8199999999999997e-06,0.004,0.004
-1.8159999999999996e-06,0.0,0.004
-1.8119999999999998e-06,0.0,0.004
-1.8079999999999997e-06,0.004,0.004
-1.8039999999999998e-06,0.0,0.004
-1.7999999999999997e-06,0.0,0.004
-1.7959999999999998e-06,0.004,0.004
-1.7919999999999997e-06,0.004,0.004
-1.7879999999999997e-06,0.0,0.004
-1.7839999999999998e-06,-0.004,0.004
-1.7799999999999997e-06,0.004,0.004
-1.7759999999999998e-06,0.0,0.004
-1.7719999999999997e-06,0.004,0.004
-1.7679999999999996e-06,0.004,0.004
-1.7639999999999998e-06,0.004,0.004
-1.7599999999999997e-06,0.0,0.004
-1.7559999999999998e-06,-0.004,0.004
-1.7519999999999997e-06,0.0,0.004
-1.7479999999999998e-06,0.004,0.004
-1.7439999999999997e-06,0.0,0.004
-1.7399999999999996e-06,0.004,0.004
-1.7359999999999998e-06,0.0,0.004
-1.7319999999999997e-06,0.0,0.004
-1.7279999999999998e-06,0.004,0.004
-1.7239999999999997e-06,0.0,0.004
-1.7199999999999996e-06,0.004,0.004
-1.7159999999999997e-06,0.004,0.004
-1.7119999999999997e-06,0.004,0.004
-1.7079999999999998e-06,0.0,0.004
-1.7039999999999997e-06,0.0,0.004
-1.6999999999999998e-06,0.0,0.004
-1.6959999999999997e-06,0.004,0.004
-1.6919999999999996e-06,0.004,0.004
-1.6879999999999998e-06,0.0,0.004
-1.6839999999999997e-06,0.0,0.004
-1.6799999999999998e-06,0.004,0.004
-1.6759999999999997e-06,0.004,0.004
-1.6719999999999996e-06,0.0,0.004
-1.6679999999999997e-06,0.0,0.004
-1.6639999999999997e-06,0.0,0.004
-1.6599999999999998e-06,0.0,0.004
-1.6559999999999997e-06,0.0,0.004
-1.6519999999999998e-06,0.0,0.004
-1.6479999999999997e-06,0.0,0.004
-1.6439999999999996e-06,0.0,0.004
-1.6399999999999998e-06,0.0,0.004
-1.6359999999999997e-06,0.0,0.004
-1.6319999999999998e-06,0.008,0.004
-1.6279999999999997e-06,0.004,0.004
-1.6239999999999996e-06,-0.004,0.004
-1.6199999999999997e-06,0.0,0.004
-1.6159999999999996e-06,-0.004,0.004
-1.6119999999999998e-06,0.004,0.004
-1.6079999999999997e-06,0.004,0.004
-1.6039999999999998e-06,-0.004,0.004
-1.5999999999999997e-06,0.004,0.004
-1.5959999999999996e-06,0.004,0.004
-1.5919999999999998e-06,0.004,0.004
-1.5879999999999997e-06,-0.004,0.004
-1.5839999999999998e-06,0.004,0.004
-1.5799999999999997e-06,0.0,0.004
-1.5759999999999998e-06,0.004,0.004
-1.5719999999999997e-06,0.004,0.004
-1.5679999999999996e-06,0.0,0.004
-1.5639999999999998e-06,0.004,0.004
-1.5599999999999997e-06,0.008,0.004
-1.5559999999999998e-06,0.0,0.004
-1.5519999999999997e-06,-0.004,0.004
-1.5479999999999996e-06,0.0,0.004
-1.5439999999999997e-06,0.0,0.004
-1.5399999999999997e-06,0.004,0.004
-1.5359999999999998e-06,0.004,0.004
-1.5319999999999997e-06,0.004,0.004
-1.5279999999999998e-06,0.004,0.004
-1.5239999999999997e-06,0.008,0.004
-1.5199999999999996e-06,0.0,0.004
-1.5159999999999998e-06,0.0,0.004
-1.5119999999999997e-06,0.004,0.004
-1.5079999999999998e-06,0.0,0.004
-1.5039999999999997e-06,0.004,0.004
-1.4999999999999996e-06,0.0,0.004
-1.4959999999999997e-06,0.0,0.004
-1.4919999999999996e-06,0.004,0.004
-1.4879999999999998e-06,0.004,0.004
-1.4839999999999997e-06,0.0,0.004
-1.4799999999999998e-06,0.004,0.004
-1.4759999999999997e-06,0.0,0.004
-1.4719999999999996e-06,0.0,0.004
-1.4679999999999998e-06,0.0,0.004
-1.4639999999999997e-06,0.008,0.004
-1.4599999999999998e-06,0.004,0.004
-1.4559999999999997e-06,0.004,0.004
-1.4519999999999996e-06,0.004,0.004
-1.4479999999999997e-06,0.0,0.004
-1.4439999999999996e-06,0.0,0.004
-1.4399999999999998e-06,0.0,0.004
-1.4359999999999997e-06,0.0,0.004
-1.4319999999999998e-06,-0.004,0.004
-1.4279999999999997e-06,0.008,0.004
-1.4239999999999996e-06,0.004,0.004
-1.4199999999999997e-06,0.0,0.004
-1.4159999999999997e-06,0.0,0.004
-1.4119999999999998e-06,0.0,0.004
-1.4079999999999997e-06,-0.004,0.004
-1.4039999999999996e-06,0.0,0.004
-1.3999999999999997e-06,0.004,0.004
-1.3959999999999996e-06,0.004,0.004
-1.3919999999999998e-06,0.0,0.004
-1.3879999999999997e-06,0.0,0.004
-1.3839999999999998e-06,0.004,0.004
-1.3799999999999997e-06,0.0,0.004
-1.3759999999999996e-06,0.004,0.004
-1.3719999999999997e-06,0.004,0.004
-1.3679999999999997e-06,0.0,0.004
-1.3639999999999998e-06,0.0,0.004
-1.3599999999999997e-06,-0.004,0.004
-1.3559999999999998e-06,-0.004,0.004
-1.3519999999999997e-06,0.0,0.004
-1.3479999999999996e-06,0.004,0.004
-1.3439999999999998e-06,0.004,0.004
-1.3399999999999997e-06,0.0,0.004
-1.3359999999999998e-06,0.004,0.004
-1.3319999999999997e-06,0.004,0.004
-1.3279999999999996e-06,0.004,0.004
-1.3239999999999997e-06,0.0,0.004
-1.3199999999999996e-06,0.004,0.004
-1.3159999999999998e-06,0.0,0.004
-1.3119999999999997e-06,0.0,0.004
-1.3079999999999998e-06,0.0,0.004
-1.3039999999999997e-06,0.0,0.004
-1.2999999999999996e-06,0.0,0.004
-1.2959999999999997e-06,-0.004,0.004
-1.2919999999999997e-06,-0.004,0.004
-1.2879999999999998e-06,0.0,0.004
-1.2839999999999997e-06,0.008,0.004
-1.2799999999999996e-06,0.0,0.004
-1.2759999999999997e-06,0.0,0.004
-1.2719999999999996e-06,0.004,0.004
-1.2679999999999998e-06,0.004,0.004
-1.2639999999999997e-06,0.0,0.004
-1.2599999999999998e-06,-0.004,0.004
-1.2559999999999997e-06,0.004,0.004
-1.2519999999999996e-06,0.004,0.004
-1.2479999999999997e-06,0.004,0.004
-1.2439999999999999e-06,0.004,0.004
-1.2399999999999996e-06,0.0,0.004
-1.2359999999999997e-06,0.004,0.004
-1.2319999999999998e-06,0.0,0.004
-1.2279999999999995e-06,0.0,0.004
-1.2239999999999996e-06,0.004,0.004
-1.2199999999999998e-06,-0.004,0.004
-1.2159999999999999e-06,0.008,0.004
-1.2119999999999996e-06,0.0,0.004
-1.2079999999999997e-06,0.0,0.004
-1.2039999999999998e-06,0.004,0.004
-1.1999999999999995e-06,0.004,0.004
-1.1959999999999996e-06,0.0,0.004
-1.1919999999999998e-06,0.0,0.004
-1.1879999999999999e-06,0.0,0.004
-1.1839999999999996e-06,-0.004,0.004
-1.1799999999999997e-06,0.004,0.004
-1.1759999999999998e-06,0.0,0.004
-1.1719999999999995e-06,0.0,0.004
-1.1679999999999997e-06,0.0,0.004
-1.1639999999999998e-06,0.008,0.004
-1.1599999999999995e-06,0.0,0.004
-1.1559999999999996e-06,0.0,0.004
-1.1519999999999997e-06,0.0,0.004
-1.1479999999999999e-06,0.004,0.004
-1.1439999999999996e-06,0.004,0.004
-1.1399999999999997e-06,0.0,0.004
-1.1359999999999998e-06,0.0,0.004
-1.1319999999999995e-06,0.004,0.004
-1.1279999999999996e-06,0.004,0.004
-1.1239999999999997e-06,0.0,0.004
-1.1199999999999999e-06,0.0,0.004
-1.1159999999999996e-06,0.0,0.004
-1.1119999999999997e-06,0.0,0.004
-1.1079999999999998e-06,0.0,0.004
-1.1039999999999995e-06,0.004,0.004
-1.0999999999999996e-06,0.004,0.004
-1.0959999999999998e-06,0.0,0.004
-1.0919999999999999e-06,0.0,0.004
-1.0879999999999996e-06,0.004,0.004
-1.0839999999999997e-06,0.0,0.004
-1.0799999999999998e-06,0.0,0.004
-1.0759999999999995e-06,0.0,0.004
-1.0719999999999996e-06,-0.004,0.004
-1.0679999999999998e-06,0.0,0.004
-1.0639999999999999e-06,0.004,0.004
-1.0599999999999996e-06,0.0,0.004
-1.0559999999999997e-06,0.004,0.004
-1.0519999999999998e-06,0.0,0.004
-1.0479999999999995e-06,0.004,0.004
-1.0439999999999997e-06,0.004,0.004
-1.0399999999999998e-06,0.0,0.004
-1.0359999999999995e-06,-0.004,0.004
-1.0319999999999996e-06,0.0,0.004
-1.0279999999999997e-06,0.004,0.004
-1.0239999999999999e-06,0.004,0.004
-1.0199999999999996e-06,0.004,0.004
-1.0159999999999997e-06,0.0,0.004
-1.0119999999999998e-06,-0.004,0.004
-1.0079999999999995e-06,0.004,0.004
-1.0039999999999996e-06,0.004,0.004
-9.999999999999997e-07,0.004,0.004
-9.959999999999999e-07,0.004,0.004
-9.919999999999996e-07,0.0,0.004
-9.879999999999997e-07,0.004,0.004
-9.839999999999998e-07,0.0,0.004
-9.799999999999995e-07,0.0,0.004
-9.759999999999996e-07,0.0,0.004
-9.719999999999998e-07,0.0,0.004
-9.679999999999999e-07,0.008,0.004
-9.639999999999996e-07,0.0,0.004
-9.599999999999997e-07,0.0,0.004
-9.559999999999998e-07,0.0,0.004
-9.519999999999995e-07,0.004,0.004
-9.479999999999996e-07,-0.004,0.004
-9.439999999999998e-07,0.004,0.004
-9.399999999999995e-07,0.004,0.004
-9.359999999999996e-07,0.008,0.004
-9.319999999999997e-07,0.0,0.004
-9.279999999999998e-07,0.0,0.004
-9.239999999999995e-07,0.004,0.004
-9.199999999999997e-07,0.0,0.004
-9.159999999999998e-07,0.0,0.004
-9.119999999999995e-07,0.008,0.004
-9.079999999999996e-07,0.004,0.004
-9.039999999999997e-07,0.004,0.004
-8.999999999999999e-07,0.004,0.004
-8.959999999999996e-07,0.0,0.004
-8.919999999999997e-07,0.0,0.004
-8.879999999999998e-07,0.004,0.004
-8.839999999999995e-07,0.004,0.004
-8.799999999999996e-07,0.0,0.004
-8.759999999999997e-07,0.004,0.004
-8.719999999999999e-07,0.0,0.004
-8.679999999999996e-07,-0.004,0.004
-8.639999999999997e-07,0.0,0.004
-8.599999999999998e-07,0.0,0.004
-8.559999999999995e-07,0.004,0.004
-8.519999999999996e-07,0.0,0.004
-8.479999999999998e-07,0.0,0.004
-8.439999999999999e-07,0.0,0.004
-8.399999999999996e-07,0.004,0.004
-8.359999999999997e-07,0.0,0.004
-8.319999999999998e-07,0.0,0.004
-8.279999999999995e-07,0.0,0.004
-8.239999999999996e-07,0.0,0.004
-8.199999999999998e-07,0.0,0.004
-8.159999999999995e-07,0.0,0.004
-8.119999999999996e-07,-0.004,0.004
-8.079999999999997e-07,0.0,0.004
-8.039999999999998e-07,0.0,0.004
-7.999999999999995e-07,0.004,0.004
-7.959999999999997e-07,0.0,0.004
-7.919999999999998e-07,0.004,0.004
-7.879999999999995e-07,-0.004,0.004
-7.839999999999996e-07,0.0,0.004
-7.799999999999997e-07,0.004,0.004
-7.759999999999999e-07,0.0,0.004
-7.719999999999996e-07,0.008,0.004
-7.679999999999997e-07,0.008,0.004
-7.639999999999998e-07,0.0,0.004
-7.599999999999995e-07,0.0,0.004
-7.559999999999996e-07,0.0,0.004
-7.519999999999997e-07,0.004,0.004
-7.479999999999999e-07,0.0,0.004
-7.439999999999996e-07,0.0,0.004
-7.399999999999997e-07,0.004,0.004
-7.359999999999998e-07,0.0,0.004
-7.319999999999995e-07,0.004,0.004
-7.279999999999996e-07,0.004,0.004
-7.239999999999998e-07,0.0,0.004
-7.199999999999995e-07,0.0,0.004
-7.159999999999996e-07,0.004,0.004
-7.119999999999997e-07,0.0,0.004
-7.079999999999998e-07,0.004,0.004
-7.039999999999995e-07,0.0,0.004
-6.999999999999997e-07,0.004,0.004
-6.959999999999998e-07,0.0,0.004
-6.919999999999995e-07,0.004,0.004
-6.879999999999996e-07,0.0,0.004
-6.839999999999997e-07,0.004,0.004
-6.799999999999998e-07,0.0,0.004
-6.759999999999995e-07,0.0,0.004
-6.719999999999997e-07,0.0,0.004
-6.679999999999998e-07,0.004,0.004
-6.639999999999995e-07,0.0,0.004
-6.599999999999996e-07,0.0,0.004
-6.559999999999997e-07,0.0,0.004
-6.519999999999999e-07,0.0,0.004
-6.479999999999996e-07,0.0,0.004
-6.439999999999997e-07,0.0,0.004
-6.399999999999998e-07,-0.004,0.004
-6.359999999999995e-07,0.004,0.004
-6.319999999999996e-07,0.0,0.004
-6.279999999999997e-07,-0.004,0.004
-6.239999999999994e-07,0.0,0.004
-6.199999999999996e-07,0.0,0.004
-6.159999999999997e-07,-0.004,0.004
-6.119999999999998e-07,0.0,0.004
-6.079999999999995e-07,0.0,0.004
-6.039999999999996e-07,0.0,0.004
-5.999999999999998e-07,0.0,0.004
-5.959999999999995e-07,-0.004,0.004
-5.919999999999996e-07,0.0,0.004
-5.879999999999997e-07,0.0,0.004
-5.839999999999998e-07,0.0,0.004
-5.799999999999995e-07,0.004,0.004
-5.759999999999997e-07,0.004,0.004
-5.719999999999998e-07,0.0,0.004
-5.679999999999995e-07,-0.004,0.004
-5.639999999999996e-07,0.0,0.004
-5.599999999999997e-07,0.0,0.004
-5.559999999999998e-07,0.008,0.004
-5.519999999999995e-07,0.0,0.004
-5.479999999999997e-07,-0.004,0.004
-5.439999999999998e-07,0.004,0.004
-5.399999999999995e-07,0.004,0.004
-5.359999999999996e-07,0.0,0.004
-5.319999999999997e-07,0.0,0.004
-5.279999999999999e-07,0.004,0.004
-5.239999999999996e-07,0.0,0.004
-5.199999999999997e-07,0.004,0.004
-5.159999999999998e-07,0.0,0.004
-5.119999999999995e-07,0.0,0.004
-5.079999999999996e-07,0.0,0.004
-5.039999999999997e-07,0.004,0.004
-4.999999999999994e-07,0.0,0.004
-4.959999999999996e-07,0.0,0.004
-4.919999999999997e-07,0.004,0.004
-4.879999999999998e-07,0.004,0.004
-4.839999999999995e-07,0.0,0.004
-4.799999999999996e-07,0.004,0.004
-4.7599999999999976e-07,0.004,0.004
-4.7199999999999946e-07,0.0,0.004
-4.679999999999996e-07,0.0,0.004
-4.639999999999997e-07,0.004,0.004
-4.5999999999999983e-07,0.0,0.004
-4.5599999999999953e-07,0.004,0.004
-4.5199999999999965e-07,0.0,0.004
-4.479999999999998e-07,0.004,0.004
-4.439999999999995e-07,0.004,0.004
-4.399999999999996e-07,0.0,0.004
-4.359999999999997e-07,0.0,0.004
-4.3199999999999984e-07,0.0,0.004
-4.2799999999999954e-07,0.0,0.004
-4.2399999999999967e-07,0.004,0.004
-4.199999999999998e-07,0.0,0.004
-4.159999999999995e-07,-0.004,0.004
-4.119999999999996e-07,0.004,0.004
-4.0799999999999974e-07,0.0,0.004
-4.0399999999999944e-07,0.004,0.004
-3.9999999999999956e-07,-0.004,0.004
-3.959999999999997e-07,0.004,0.004
-3.919999999999998e-07,-0.004,0.004
-3.879999999999995e-07,0.0,0.004
-3.8399999999999963e-07,0.0,0.004
-3.7999999999999975e-07,0.004,0.004
-3.7599999999999945e-07,0.004,0.004
-3.7199999999999957e-07,0.0,0.004
-3.679999999999997e-07,0.0,0.004
-3.639999999999998e-07,-0.004,0.004
-3.599999999999995e-07,0.0,0.004
-3.5599999999999964e-07,0.004,0.004
-3.5199999999999976e-07,0.0,0.004
-3.4799999999999946e-07,0.0,0.004
-3.439999999999996e-07,0.004,0.004
-3.399999999999997e-07,0.0,0.004
-3.3599999999999983e-07,0.004,0.004
-3.3199999999999953e-07,0.0,0.004
-3.2799999999999965e-07,0.0,0.004
-3.239999999999998e-07,0.004,0.004
-3.199999999999995e-07,0.0,0.004
-3.159999999999996e-07,-0.004,0.004
-3.119999999999997e-07,0.004,0.004
-3.0799999999999985e-07,0.004,0.004
-3.0399999999999955e-07,0.008,0.004
-2.9999999999999967e-07,0.0,0.004
-2.959999999999998e-07,-0.004,0.004
-2.919999999999995e-07,-0.004,0.004
-2.879999999999996e-07,0.0,0.004
-2.8399999999999974e-07,0.0,0.004
-2.7999999999999944e-07,0.0,0.004
-2.7599999999999956e-07,0.004,0.004
-2.719999999999997e-07,0.0,0.004
-2.679999999999998e-07,0.0,0.004
-2.639999999999995e-07,0.0,0.004
-2.5999999999999963e-07,0.0,0.004
-2.5599999999999975e-07,0.0,0.004
-2.5199999999999945e-07,0.004,0.004
-2.479999999999996e-07,0.004,0.004
-2.439999999999997e-07,0.0,0.004
-2.399999999999998e-07,0.0,0.004
-2.3599999999999952e-07,0.004,0.004
-2.3199999999999964e-07,0.004,0.004
-2.2799999999999977e-07,0.004,0.004
-2.2399999999999946e-07,0.0,0.004
-2.199999999999996e-07,0.0,0.004
-2.159999999999997e-07,0.004,0.004
-2.1199999999999983e-07,0.004,0.004
-2.0799999999999953e-07,0.004,0.004
-2.0399999999999966e-07,0.0,0.004
-1.9999999999999978e-07,0.0,0.004
-1.9599999999999948e-07,0.004,0.004
-1.919999999999996e-07,0.0,0.004
-1.8799999999999972e-07,0.0,0.004
-1.8399999999999942e-07,0.0,0.004
-1.7999999999999955e-07,-0.004,0.004
-1.7599999999999967e-07,0.0,0.004
-1.719999999999998e-07,-0.004,0.004
-1.679999999999995e-07,0.004,0.004
-1.6399999999999962e-07,0.004,0.004
-1.5999999999999974e-07,0.004,0.004
-1.5599999999999944e-07,0.0,0.004
-1.5199999999999956e-07,0.0,0.004
-1.4799999999999968e-07,0.004,0.004
-1.439999999999998e-07,0.008,0.004
-1.399999999999995e-07,0.0,0.004
-1.3599999999999963e-07,0.004,0.004
-1.3199999999999975e-07,0.004,0.004
-1.2799999999999945e-07,0.0,0.004
-1.2399999999999958e-07,0.0,0.004
-1.199999999999997e-07,0.0,0.004
-1.1599999999999982e-07,-0.004,0.004
-1.1199999999999952e-07,0.0,0.004
-1.0799999999999964e-07,0.004,0.004
-1.0399999999999977e-07,0.0,0.004
-9.999999999999947e-08,0.0,0.004
-9.599999999999959e-08,0.008,0.004
-9.199999999999971e-08,0.008,0.004
-8.799999999999941e-08,0.004,0.004
-8.399999999999953e-08,0.008,0.004
-7.999999999999966e-08,0.0,0.004
-7.599999999999978e-08,0.004,0.004
-7.199999999999948e-08,0.008,0.004
-6.79999999999996e-08,0.004,0.004
-6.399999999999973e-08,0.012,0.004
-5.999999999999943e-08,0.016,0.004
-5.599999999999955e-08,0.016,0.004
-5.199999999999967e-08,0.02,0.004
-4.7999999999999795e-08,0.024,0.004
-4.3999999999999494e-08,0.028,0.004
-3.999999999999962e-08,0.032,0.004
-3.599999999999974e-08,0.04,0.004
-3.199999999999944e-08,0.044,0.004
-2.7999999999999563e-08,0.048,0.004
-2.3999999999999686e-08,0.06,0.004
-1.999999999999981e-08,0.068,0.004
-1.5999999999999508e-08,0.084,0.004
-1.1999999999999631e-08,0.092,0.004
-7.999999999999754e-09,0.112,0.004
-3.9999999999994535e-09,0.128,0.004
4.235164736271502e-22,0.14,0.004
4.0000000000003005e-09,0.156,0.004
8.000000000000178e-09,0.17200000000000001,0.004
1.2000000000000478e-08,0.188,0.004
1.6000000000000355e-08,0.196,0.004
2.0000000000000232e-08,0.20800000000000002,0.004
2.4000000000000533e-08,0.212,0.004
2.800000000000041e-08,0.22,0.004
3.2000000000000287e-08,0.22,0.004
3.600000000000059e-08,0.22,0.004
4.0000000000000464e-08,0.216,0.004
4.400000000000034e-08,0.212,0.004
4.800000000000022e-08,0.192,0.004
5.200000000000052e-08,0.184,0.004
5.6000000000000396e-08,0.176,0.004
6.000000000000027e-08,0.17200000000000001,0.004
6.400000000000057e-08,0.152,0.004
6.800000000000045e-08,0.14400000000000002,0.004
7.200000000000033e-08,0.136,0.004
7.60000000000002e-08,0.128,0.004
8.00000000000005e-08,0.112,0.004
8.400000000000038e-08,0.112,0.004
8.800000000000026e-08,0.096,0.004
9.200000000000056e-08,0.088,0.004
9.600000000000044e-08,0.084,0.004
1.0000000000000031e-07,0.076,0.004
1.0400000000000019e-07,0.068,0.004
1.0800000000000049e-07,0.068,0.004
1.1200000000000037e-07,0.064,0.004
1.1600000000000024e-07,0.06,0.004
1.2000000000000055e-07,0.056,0.004
1.2400000000000042e-07,0.052000000000000005,0.004
1.280000000000003e-07,0.056,0.004
1.320000000000006e-07,0.048,0.004
1.3600000000000048e-07,0.048,0.004
1.4000000000000035e-07,0.048,0.004
1.4400000000000023e-07,0.044,0.004
1.4800000000000053e-07,0.04,0.004
1.520000000000004e-07,0.036000000000000004,0.004
1.5600000000000029e-07,0.04,0.004
1.6000000000000059e-07,0.04,0.004
1.6400000000000046e-07,0.036000000000000004,0.004
1.6800000000000034e-07,0.036000000000000004,0.004
1.7200000000000022e-07,0.04,0.004
1.7600000000000052e-07,0.036000000000000004,0.004
1.800000000000004e-07,0.032,0.004
1.8400000000000027e-07,0.036000000000000004,0.004
1.8800000000000057e-07,0.036000000000000004,0.004
1.9200000000000045e-07,0.032,0.004
1.9600000000000033e-07,0.032,0.004
2.000000000000002e-07,0.032,0.004
2.040000000000005e-07,0.024,0.004
2.0800000000000038e-07,0.032,0.004
2.1200000000000026e-07,0.032,0.004
2.1600000000000056e-07,0.028,0.004
2.2000000000000043e-07,0.024,0.004
2.240000000000003e-07,0.024,0.004
2.280000000000002e-07,0.024,0.004
2.320000000000005e-07,0.028,0.004
2.3600000000000037e-07,0.024,0.004
2.4000000000000024e-07,0.028,0.004
2.4400000000000054e-07,0.028,0.004
2.480000000000004e-07,0.028,0.004
2.520000000000003e-07,0.028,0.004
2.560000000000006e-07,0.028,0.004
2.600000000000005e-07,0.024,0.004
2.6400000000000035e-07,0.024,0.004
2.6800000000000023e-07,0.028,0.004
2.7200000000000053e-07,0.024,0.004
2.760000000000004e-07,0.028,0.004
2.800000000000003e-07,0.02,0.004
2.840000000000006e-07,0.028,0.004
2.8800000000000046e-07,0.024,0.004
2.9200000000000034e-07,0.024,0.004
2.960000000000002e-07,0.02,0.004
3.000000000000005e-07,0.024,0.004
3.040000000000004e-07,0.024,0.004
3.0800000000000027e-07,0.024,0.004
3.1200000000000057e-07,0.02,0.004
3.1600000000000045e-07,0.02,0.004
3.200000000000003e-07,0.024,0.004
3.240000000000002e-07,0.016,0.004
3.280000000000005e-07,0.024,0.004
3.320000000000004e-07,0.024,0.004
3.3600000000000026e-07,0.024,0.004
3.4000000000000056e-07,0.024,0.004
3.4400000000000043e-07,0.02,0.004
3.480000000000003e-07,0.024,0.004
3.520000000000006e-07,0.02,0.004
3.560000000000005e-07,0.024,0.004
3.6000000000000036e-07,0.02,0.004
3.6400000000000024e-07,0.02,0.004
3.6800000000000054e-07,0.024,0.004
3.720000000000004e-07,0.02,0.004
3.760000000000003e-07,0.016,0.004
3.800000000000006e-07,0.02,0.004
3.840000000000005e-07,0.024,0.004
3.8800000000000035e-07,0.02,0.004
3.9200000000000023e-07,0.02,0.004
3.9600000000000053e-07,0.02,0.004
4.000000000000004e-07,0.016,0.004
4.040000000000003e-07,0.024,0.004
4.080000000000006e-07,0.024,0.004
4.1200000000000046e-07,0.024,0.004
4.1600000000000034e-07,0.02,0.004
4.200000000000002e-07,0.02,0.004
4.240000000000005e-07,0.024,0.004
4.280000000000004e-07,0.024,0.004
4.3200000000000027e-07,0.024,0.004
4.3600000000000057e-07,0.02,0.004
4.4000000000000045e-07,0.02,0.004
4.440000000000003e-07,0.02,0.004
4.480000000000002e-07,0.016,0.004
4.520000000000005e-07,0.02,0.004
4.560000000000004e-07,0.02,0.004
4.6000000000000025e-07,0.02,0.004
4.6400000000000055e-07,0.02,0.004
4.6800000000000043e-07,0.024,0.004
4.720000000000003e-07,0.02,0.004
4.760000000000006e-07,0.02,0.004
4.800000000000005e-07,0.024,0.004
4.840000000000004e-07,0.016,0.004
4.880000000000002e-07,0.02,0.004
4.920000000000005e-07,0.016,0.004
4.960000000000004e-07,0.024,0.004
5.000000000000003e-07,0.012,0.004
5.040000000000006e-07,0.016,0.004
5.080000000000005e-07,0.016,0.004
5.120000000000003e-07,0.024,0.004
5.160000000000002e-07,0.02,0.004
5.200000000000005e-07,0.016,0.004
5.240000000000004e-07,0.016,0.004
5.280000000000003e-07,0.016,0.004
5.320000000000006e-07,0.016,0.004
5.360000000000005e-07,0.02,0.004
5.400000000000003e-07,0.02,0.004
5.440000000000002e-07,0.016,0.004
5.480000000000005e-07,0.016,0.004
5.520000000000004e-07,0.016,0.004
5.560000000000003e-07,0.02,0.004
5.600000000000006e-07,0.012,0.004
5.640000000000004e-07,0.02,0.004
5.680000000000003e-07,0.02,0.004
5.720000000000006e-07,0.02,0.004
5.760000000000005e-07,0.016,0.004
5.800000000000004e-07,0.02,0.004
5.840000000000003e-07,0.016,0.004
5.880000000000006e-07,0.016,0.004
5.920000000000004e-07,0.016,0.004
5.960000000000003e-07,0.02,0.004
6.000000000000006e-07,0.016,0.004
6.040000000000005e-07,0.016,0.004
6.080000000000004e-07,0.02,0.004
6.120000000000002e-07,0.016,0.004
6.160000000000005e-07,0.016,0.004
6.200000000000004e-07,0.016,0.004
6.240000000000003e-07,0.012,0.004
6.280000000000006e-07,0.016,0.004
6.320000000000005e-07,0.016,0.004
6.360000000000003e-07,0.012,0.004
6.400000000000002e-07,0.016,0.004
6.440000000000005e-07,0.016,0.004
6.480000000000004e-07,0.02,0.004
6.520000000000003e-07,0.016,0.004
6.560000000000006e-07,0.02,0.004
6.6e-07,0.012,0.004
6.640000000000003e-07,0.012,0.004
6.680000000000006e-07,0.016,0.004
6.720000000000001e-07,0.016,0.004
6.760000000000004e-07,0.016,0.004
6.800000000000007e-07,0.02,0.004
6.840000000000001e-07,0.016,0.004
6.880000000000004e-07,0.012,0.004
6.920000000000007e-07,0.016,0.004
6.960000000000002e-07,0.02,0.004
7.000000000000005e-07,0.016,0.004
7.040000000000008e-07,0.016,0.004
7.080000000000003e-07,0.016,0.004
7.120000000000006e-07,0.016,0.004
7.16e-07,0.016,0.004
7.200000000000003e-07,0.016,0.004
7.240000000000006e-07,0.016,0.004
7.280000000000001e-07,0.016,0.004
7.320000000000004e-07,0.016,0.004
7.360000000000007e-07,0.016,0.004
7.400000000000001e-07,0.016,0.004
7.440000000000004e-07,0.016,0.004
7.480000000000007e-07,0.016,0.004
7.520000000000002e-07,0.016,0.004
7.560000000000005e-07,0.012,0.004
7.600000000000008e-07,0.016,0.004
7.640000000000002e-07,0.016,0.004
7.680000000000005e-07,0.012,0.004
7.720000000000008e-07,0.012,0.004
7.760000000000003e-07,0.016,0.004
7.800000000000006e-07,0.012,0.004
7.84e-07,0.02,0.004
7.880000000000003e-07,0.012,0.004
7.920000000000006e-07,0.016,0.004
7.960000000000001e-07,0.016,0.004
8.000000000000004e-07,0.016,0.004
8.040000000000007e-07,0.012,0.004
8.080000000000001e-07,0.016,0.004
8.120000000000004e-07,0.016,0.004
8.160000000000007e-07,0.016,0.004
8.200000000000002e-07,0.012,0.004
8.240000000000005e-07,0.016,0.004
8.280000000000008e-07,0.012,0.004
8.320000000000003e-07,0.012,0.004
8.360000000000006e-07,0.02,0.004
8.400000000000009e-07,0.012,0.004
8.440000000000003e-07,0.016,0.004
8.480000000000006e-07,0.016,0.004
8.520000000000001e-07,0.012,0.004
8.560000000000004e-07,0.016,0.004
8.600000000000007e-07,0.02,0.004
8.640000000000001e-07,0.016,0.004
8.680000000000004e-07,0.012,0.004
8.720000000000007e-07,0.008,0.004
8.760000000000002e-07,0.016,0.004
8.800000000000005e-07,0.016,0.004
8.840000000000008e-07,0.016,0.004
8.880000000000002e-07,0.008,0.004
8.920000000000005e-07,0.016,0.004
8.960000000000008e-07,0.016,0.004
9.000000000000003e-07,0.012,0.004
9.040000000000006e-07,0.008,0.004
9.08e-07,0.012,0.004
9.120000000000003e-07,0.016,0.004
9.160000000000006e-07,0.012,0.004
9.200000000000001e-07,0.008,0.004
9.240000000000004e-07,0.012,0.004
9.280000000000007e-07,0.012,0.004
9.320000000000001e-07,0.012,0.004
9.360000000000004e-07,0.02,0.004
9.400000000000007e-07,0.016,0.004
9.440000000000002e-07,0.012,0.004
9.480000000000005e-07,0.016,0.004
9.520000000000008e-07,0.016,0.004
9.560000000000002e-07,0.012,0.004
9.600000000000005e-07,0.012,0.004
9.640000000000008e-07,0.012,0.004
9.680000000000003e-07,0.012,0.004
9.720000000000006e-07,0.012,0.004
9.76e-07,0.016,0.004
9.800000000000004e-07,0.016,0.004
9.840000000000007e-07,0.008,0.004
9.880000000000001e-07,0.012,0.004
9.920000000000004e-07,0.016,0.004
9.960000000000007e-07,0.016,0.004
1.0000000000000002e-06,0.012,0.004
1.0040000000000005e-06,0.012,0.004
1.0080000000000008e-06,0.016,0.004
1.0120000000000002e-06,0.016,0.004
1.0160000000000005e-06,0.016,0.004
1.0200000000000008e-06,0.012,0.004
1.0240000000000003e-06,0.016,0.004
1.0280000000000006e-06,0.012,0.004
1.032e-06,0.012,0.004
1.0360000000000003e-06,0.012,0.004
1.0400000000000006e-06,0.008,0.004
1.044e-06,0.012,0.004
1.0480000000000004e-06,0.016,0.004
1.0520000000000007e-06,0.012,0.004
1.0560000000000001e-06,0.016,0.004
1.0600000000000004e-06,0.012,0.004
1.0640000000000007e-06,0.008,0.004
1.0680000000000002e-06,0.012,0.004
1.0720000000000005e-06,0.008,0.004
1.0760000000000008e-06,0.016,0.004
1.0800000000000002e-06,0.016,0.004
1.0840000000000005e-06,0.012,0.004
1.0880000000000008e-06,0.008,0.004
1.0920000000000003e-06,0.02,0.004
1.0960000000000006e-06,0.012,0.004
1.1e-06,0.012,0.004
1.1040000000000004e-06,0.012,0.004
1.1080000000000007e-06,0.012,0.004
1.1120000000000001e-06,0.016,0.004
1.1160000000000004e-06,0.012,0.004
1.1200000000000007e-06,0.012,0.004
1.1240000000000002e-06,0.012,0.004
1.1280000000000005e-06,0.012,0.004
1.1320000000000008e-06,0.012,0.004
1.1360000000000002e-06,0.016,0.004
1.1400000000000005e-06,0.016,0.004
1.1440000000000008e-06,0.012,0.004
1.1480000000000003e-06,0.012,0.004
1.1520000000000006e-06,0.012,0.004
1.1560000000000009e-06,0.008,0.004
1.1600000000000003e-06,0.012,0.004
1.1640000000000006e-06,0.008,0.004
1.168e-06,0.008,0.004
1.1720000000000004e-06,0.016,0.004
1.1760000000000007e-06,0.008,0.004
1.1800000000000001e-06,0.016,0.004
1.1840000000000004e-06,0.016,0.004
1.1880000000000007e-06,0.012,0.004
1.1920000000000002e-06,0.008,0.004
1.1960000000000005e-06,0.008,0.004
1.2000000000000008e-06,0.016,0.004
1.2040000000000002e-06,0.008,0.004
1.2080000000000005e-06,0.016,0.004
1.2120000000000008e-06,0.016,0.004
1.2160000000000003e-06,0.008,0.004
1.2200000000000006e-06,0.012,0.004
1.224e-06,0.008,0.004
1.2280000000000004e-06,0.016,0.004
1.2320000000000007e-06,0.012,0.004
1.2360000000000001e-06,0.008,0.004
1.2400000000000004e-06,0.012,0.004
1.2440000000000007e-06,0.016,0.004
1.2480000000000002e-06,0.012,0.004
1.2520000000000005e-06,0.012,0.004
1.2560000000000008e-06,0.012,0.004
1.2600000000000002e-06,0.016,0.004
1.2640000000000005e-06,0.016,0.004
1.2680000000000008e-06,0.016,0.004
1.2720000000000003e-06,0.012,0.004
1.2760000000000006e-06,0.008,0.004
1.2800000000000009e-06,0.012,0.004
1.2840000000000003e-06,0.008,0.004
1.2880000000000006e-06,0.008,0.004
1.292e-06,0.008,0.004
1.2960000000000004e-06,0.012,0.004
1.3000000000000007e-06,0.008,0.004
1.3040000000000001e-06,0.012,0.004
1.3080000000000004e-06,0.012,0.004
1.3120000000000007e-06,0.008,0.004
1.3160000000000002e-06,0.008,0.004
1.3200000000000005e-06,0.012,0.004
1.3240000000000008e-06,0.012,0.004
1.3280000000000002e-06,0.012,0.004
1.3320000000000005e-06,0.012,0.004
1.3360000000000008e-06,0.012,0.004
1.3400000000000003e-06,0.016,0.004
1.3440000000000006e-06,0.012,0.004
1.348e-06,0.016,0.004
1.3520000000000004e-06,0.016,0.004
1.3560000000000007e-06,0.012,0.004
1.3600000000000001e-06,0.012,0.004
1.3640000000000004e-06,0.008,0.004
1.3680000000000007e-06,0.008,0.004
1.3720000000000002e-06,0.02,0.004
1.3760000000000005e-06,0.016,0.004
1.3800000000000008e-06,0.012,0.004
1.3840000000000002e-06,0.016,0.004
1.3880000000000005e-06,0.016,0.004
1.3920000000000008e-06,0.012,0.004
1.3960000000000003e-06,0.016,0.004
1.4000000000000006e-06,0.02,0.004
1.4040000000000009e-06,0.02,0.004
1.4080000000000003e-06,0.02,0.004
1.4120000000000006e-06,0.024,0.004
1.416e-06,0.024,0.004
1.4200000000000004e-06,0.032,0.004
1.4240000000000007e-06,0.036000000000000004,0.004
1.4280000000000001e-06,0.04,0.004
1.4320000000000004e-06,0.044,0.004
1.4360000000000007e-06,0.048,0.004
1.4400000000000002e-06,0.064,0.004
1.4440000000000005e-06,0.068,0.004
1.4480000000000008e-06,0.076,0.004
1.4520000000000002e-06,0.08,0.004
1.4560000000000005e-06,0.092,0.004
1.4600000000000008e-06,0.096,0.004
1.4640000000000003e-06,0.1,0.004
1.4680000000000006e-06,0.10400000000000001,0.004
1.472e-06,0.108,0.004
1.4760000000000004e-06,0.108,0.004
1.4800000000000007e-06,0.108,0.004
1.4840000000000001e-06,0.10400000000000001,0.004
1.4880000000000004e-06,0.10400000000000001,0.004
1.4920000000000007e-06,0.096,0.004
1.4960000000000002e-06,0.092,0.004
1.5000000000000005e-06,0.084,0.004
1.5040000000000008e-06,0.084,0.004
1.5080000000000002e-06,0.07200000000000001,0.004
1.5120000000000005e-06,0.064,0.004
1.5160000000000008e-06,0.06,0.004
1.5200000000000003e-06,0.06,0.004
1.5240000000000006e-06,0.052000000000000005,0.004
1.5280000000000009e-06,0.048,0.004
1.5320000000000003e-06,0.048,0.004
1.5360000000000006e-06,0.044,0.004
1.54e-06,0.044,0.004
1.5440000000000004e-06,0.04,0.004
1.5480000000000007e-06,0.032,0.004
1.5520000000000001e-06,0.036000000000000004,0.004
1.5560000000000004e-06,0.036000000000000004,0.004
1.5600000000000007e-06,0.032,0.004
1.5640000000000002e-06,0.032,0.004
1.5680000000000005e-06,0.028,0.004
1.5720000000000008e-06,0.028,0.004
1.5760000000000002e-06,0.028,0.004
1.5800000000000005e-06,0.028,0.004
1.5840000000000008e-06,0.028,0.004
1.5880000000000003e-06,0.028,0.004
1.5920000000000006e-06,0.028,0.004
1.596000000000001e-06,0.028,0.004
1.6000000000000004e-06,0.024,0.004
1.6040000000000007e-06,0.024,0.004
1.608e-06,0.028,0.004
1.6120000000000004e-06,0.024,0.004
1.6160000000000007e-06,0.024,0.004
1.6200000000000002e-06,0.024,0.004
1.6240000000000005e-06,0.024,0.004
1.6280000000000008e-06,0.028,0.004
1.6320000000000002e-06,0.02,0.004
1.6360000000000005e-06,0.02,0.004
1.6400000000000008e-06,0.024,0.004
1.6440000000000003e-06,0.02,0.004
1.6480000000000006e-06,0.02,0.004
1.6520000000000009e-06,0.024,0.004
1.6560000000000003e-06,0.024,0.004
1.6600000000000006e-06,0.02,0.004
1.664e-06,0.02,0.004
1.6680000000000004e-06,0.024,0.004
1.6720000000000007e-06,0.024,0.004
1.6760000000000001e-06,0.02,0.004
1.6800000000000004e-06,0.02,0.004
1.6840000000000007e-06,0.024,0.004
1.6880000000000002e-06,0.016,0.004
1.6920000000000005e-06,0.024,0.004
1.6960000000000008e-06,0.016,0.004
1.7000000000000002e-06,0.02,0.004
1.7040000000000005e-06,0.02,0.004
1.7080000000000008e-06,0.02,0.004
1.7120000000000003e-06,0.02,0.004
1.7160000000000006e-06,0.02,0.004
1.720000000000001e-06,0.016,0.004
1.7240000000000003e-06,0.024,0.004
1.7280000000000007e-06,0.016,0.004
1.732e-06,0.02,0.004
1.7360000000000004e-06,0.016,0.004
1.7400000000000007e-06,0.02,0.004
1.7440000000000002e-06,0.024,0.004
1.7480000000000005e-06,0.024,0.004
1.7520000000000008e-06,0.02,0.004
1.7560000000000002e-06,0.02,0.004
1.7600000000000005e-06,0.02,0.004
1.7640000000000008e-06,0.016,0.004
1.7680000000000003e-06,0.02,0.004
1.7720000000000006e-06,0.02,0.004
1.7760000000000009e-06,0.02,0.004
1.7800000000000003e-06,0.016,0.004
1.7840000000000006e-06,0.02,0.004
1.788e-06,0.02,0.004
1.7920000000000004e-06,0.02,0.004
1.7960000000000007e-06,0.016,0.004
1.8000000000000001e-06,0.02,0.004
1.8040000000000004e-06,0.016,0.004
1.8080000000000007e-06,0.016,0.004
1.8120000000000002e-06,0.016,0.004
1.8160000000000005e-06,0.02,0.004
1.8200000000000008e-06,0.02,0.004
1.8240000000000002e-06,0.02,0.004
1.8280000000000005e-06,0.02,0.004
1.8320000000000008e-06,0.024,0.004
1.8360000000000003e-06,0.02,0.004
1.8400000000000006e-06,0.02,0.004
1.844000000000001e-06,0.012,0.004
1.8480000000000003e-06,0.016,0.004
1.8520000000000006e-06,0.016,0.004
1.856e-06,0.016,0.004
1.8600000000000004e-06,0.02,0.004
1.8640000000000007e-06,0.016,0.004
1.8680000000000002e-06,0.02,0.004
1.8720000000000005e-06,0.02,0.004
1.8760000000000008e-06,0.016,0.004
1.8800000000000002e-06,0.016,0.004
1.8840000000000005e-06,0.02,0.004
1.8880000000000008e-06,0.024,0.004
1.8920000000000003e-06,0.02,0.004
1.8960000000000006e-06,0.02,0.004
1.9000000000000009e-06,0.02,0.004
1.9040000000000003e-06,0.02,0.004
1.9080000000000006e-06,0.016,0.004
1.912000000000001e-06,0.02,0.004
1.9160000000000004e-06,0.016,0.004
1.9200000000000007e-06,0.02,0.004
1.924e-06,0.02,0.004
1.9280000000000004e-06,0.024,0.004
1.9320000000000007e-06,0.024,0.004
1.936e-06,0.02,0.004
1.9400000000000005e-06,0.02,0.004
1.9440000000000008e-06,0.02,0.004
1.9480000000000002e-06,0.024,0.004
1.9520000000000005e-06,0.024,0.004
1.956000000000001e-06,0.024,0.004
1.9600000000000003e-06,0.02,0.004
1.9640000000000006e-06,0.028,0.004
1.968000000000001e-06,0.02,0.004
1.9720000000000003e-06,0.024,0.004
1.9760000000000006e-06,0.024,0.004
1.98e-06,0.028,0.004
1.9840000000000004e-06,0.028,0.004
1.9880000000000007e-06,0.028,0.004
1.992e-06,0.032,0.004
1.9960000000000005e-06,0.028,0.004
2.0000000000000008e-06,0.032,0.004
2.004e-06,0.036000000000000004,0.004
2.0080000000000005e-06,0.032,0.004
2.012000000000001e-06,0.036000000000000004,0.004
2.0160000000000003e-06,0.04,0.004
2.0200000000000006e-06,0.04,0.004
2.024000000000001e-06,0.04,0.004
2.0280000000000003e-06,0.036000000000000004,0.004
2.0320000000000006e-06,0.044,0.004
2.036000000000001e-06,0.048,0.004
2.0400000000000004e-06,0.056,0.004
2.0440000000000007e-06,0.056,0.004
2.048e-06,0.056,0.004
2.0520000000000004e-06,0.06,0.004
2.0560000000000007e-06,0.068,0.004
2.06e-06,0.064,0.004
2.0640000000000005e-06,0.068,0.004
2.0680000000000008e-06,0.07200000000000001,0.004
2.0720000000000002e-06,0.08,0.004
2.0760000000000005e-06,0.08,0.004
2.080000000000001e-06,0.084,0.004
2.0840000000000003e-06,0.088,0.004
2.0880000000000006e-06,0.092,0.004
2.092000000000001e-06,0.096,0.004
2.0960000000000003e-06,0.1,0.004
2.1000000000000006e-06,0.1,0.004
2.104e-06,0.1,0.004
2.1080000000000004e-06,0.1,0.004
2.1120000000000007e-06,0.10400000000000001,0.004
2.116e-06,0.112,0.004
2.1200000000000005e-06,0.112,0.004
2.1240000000000008e-06,0.112,0.004
2.128e-06,0.108,0.004
2.1320000000000005e-06,0.108,0.004
2.136000000000001e-06,0.116,0.004
2.1400000000000003e-06,0.112,0.004
2.1440000000000006e-06,0.108,0.004
2.148000000000001e-06,0.10400000000000001,0.004
2.1520000000000003e-06,0.10400000000000001,0.004
2.1560000000000006e-06,0.096,0.004
2.160000000000001e-06,0.1,0.004
2.1640000000000004e-06,0.1,0.004
2.1680000000000007e-06,0.1,0.004
2.172e-06,0.096,0.004
2.1760000000000004e-06,0.092,0.004
2.1800000000000007e-06,0.1,0.004
2.184e-06,0.092,0.004
2.1880000000000005e-06,0.088,0.004
2.1920000000000008e-06,0.084,0.004
2.1960000000000002e-06,0.084,0.004
2.2000000000000005e-06,0.068,0.004
2.204000000000001e-06,0.068,0.004
2.2080000000000003e-06,0.068,0.004
2.2120000000000006e-06,0.07200000000000001,0.004
2.216000000000001e-06,0.07200000000000001,0.004
2.2200000000000003e-06,0.068,0.004
2.2240000000000006e-06,0.064,0.004
2.228e-06,0.064,0.004
2.2320000000000004e-06,0.064,0.004
2.2360000000000007e-06,0.06,0.004
2.24e-06,0.06,0.004
2.2440000000000005e-06,0.056,0.004
2.2480000000000008e-06,0.06,0.004
2.252e-06,0.056,0.004
2.2560000000000005e-06,0.056,0.004
2.260000000000001e-06,0.052000000000000005,0.004
2.2640000000000003e-06,0.052000000000000005,0.004
2.2680000000000006e-06,0.052000000000000005,0.004
2.272000000000001e-06,0.048,0.004
2.2760000000000003e-06,0.044,0.004
2.2800000000000006e-06,0.052000000000000005,0.004
2.284000000000001e-06,0.048,0.004
2.2880000000000004e-06,0.048,0.004
2.2920000000000007e-06,0.048,0.004
2.296e-06,0.04,0.004
2.3000000000000004e-06,0.044,0.004
2.3040000000000007e-06,0.044,0.004
2.308e-06,0.044,0.004
2.3120000000000005e-06,0.04,0.004
2.3160000000000008e-06,0.04,0.004
2.3200000000000002e-06,0.036000000000000004,0.004
2.3240000000000005e-06,0.04,0.004
2.328000000000001e-06,0.044,0.004
2.3320000000000003e-06,0.04,0.004
2.3360000000000006e-06,0.036000000000000004,0.004
2.340000000000001e-06,0.036000000000000004,0.004
2.3440000000000003e-06,0.036000000000000004,0.004
2.3480000000000006e-06,0.036000000000000004,0.004
2.352000000000001e-06,0.036000000000000004,0.004
2.3560000000000004e-06,0.036000000000000004,0.004
2.3600000000000007e-06,0.04,0.004
2.364e-06,0.032,0.004
2.3680000000000005e-06,0.036000000000000004,0.004
2.3720000000000008e-06,0.032,0.004
2.376e-06,0.036000000000000004,0.004
2.3800000000000005e-06,0.032,0.004
2.384000000000001e-06,0.036000000000000004,0.004
2.3880000000000003e-06,0.04,0.004
2.3920000000000006e-06,0.032,0.004
2.396000000000001e-06,0.036000000000000004,0.004
2.4000000000000003e-06,0.036000000000000004,0.004
2.4040000000000006e-06,0.032,0.004
2.408000000000001e-06,0.036000000000000004,0.004
2.4120000000000004e-06,0.036000000000000004,0.004
2.4160000000000007e-06,0.032,0.004
2.42e-06,0.036000000000000004,0.004
2.4240000000000004e-06,0.032,0.004
2.4280000000000007e-06,0.036000000000000004,0.004
2.432e-06,0.032,0.004
2.4360000000000005e-06,0.032,0.004
2.4400000000000008e-06,0.032,0.004
2.4440000000000002e-06,0.032,0.004
2.4480000000000005e-06,0.036000000000000004,0.004
2.452000000000001e-06,0.032,0.004
2.4560000000000003e-06,0.028,0.004
2.4600000000000006e-06,0.032,0.004
2.464000000000001e-06,0.032,0.004
2.4680000000000003e-06,0.032,0.004
2.4720000000000006e-06,0.032,0.004
2.476000000000001e-06,0.032,0.004
2.4800000000000004e-06,0.032,0.004
2.4840000000000007e-06,0.032,0.004
2.488e-06,0.032,0.004
2.4920000000000005e-06,0.032,0.004
2.4960000000000008e-06,0.032,0.004
2.5e-06,0.032,0.004
2.5040000000000005e-06,0.028,0.004
2.508000000000001e-06,0.032,0.004
2.5120000000000003e-06,0.028,0.004
2.5160000000000006e-06,0.032,0.004
2.520000000000001e-06,0.028,0.004
2.5240000000000003e-06,0.028,0.004
2.5280000000000006e-06,0.028,0.004
2.532000000000001e-06,0.028,0.004
2.5360000000000004e-06,0.036000000000000004,0.004
2.5400000000000007e-06,0.028,0.004
2.544e-06,0.028,0.004
2.5480000000000004e-06,0.032,0.004
2.5520000000000007e-06,0.028,0.004
2.556e-06,0.028,0.004
2.5600000000000005e-06,0.032,0.004
2.5640000000000008e-06,0.032,0.004
2.5680000000000002e-06,0.028,0.004
2.5720000000000005e-06,0.028,0.004
2.576000000000001e-06,0.028,0.004
2.5800000000000003e-06,0.032,0.004
2.5840000000000006e-06,0.024,0.004
2.588000000000001e-06,0.028,0.004
2.5920000000000003e-06,0.032,0.004
2.5960000000000006e-06,0.028,0.004
2.600000000000001e-06,0.028,0.004
2.6040000000000004e-06,0.032,0.004
2.6080000000000007e-06,0.032,0.004
2.612e-06,0.028,0.004
2.6160000000000004e-06,0.028,0.004
2.6200000000000007e-06,0.024,0.004
2.624e-06,0.028,0.004
2.6280000000000005e-06,0.032,0.004
2.632000000000001e-06,0.028,0.004
2.6360000000000003e-06,0.028,0.004
2.6400000000000006e-06,0.028,0.004
2.644000000000001e-06,0.032,0.004
2.6480000000000003e-06,0.032,0.004
2.6520000000000006e-06,0.024,0.004
2.656000000000001e-06,0.024,0.004
2.6600000000000004e-06,0.028,0.004
2.6640000000000007e-06,0.028,0.004
2.668000000000001e-06,0.028,0.004
2.6720000000000004e-06,0.028,0.004
2.6760000000000007e-06,0.036000000000000004,0.004
2.68e-06,0.032,0.004
2.6840000000000005e-06,0.028,0.004
2.6880000000000008e-06,0.028,0.004
2.6920000000000002e-06,0.032,0.004
2.6960000000000005e-06,0.028,0.004
2.700000000000001e-06,0.028,0.004
2.7040000000000003e-06,0.032,0.004
2.7080000000000006e-06,0.028,0.004
2.712000000000001e-06,0.032,0.004
2.7160000000000003e-06,0.024,0.004
2.7200000000000006e-06,0.028,0.004
2.724000000000001e-06,0.036000000000000004,0.004
2.7280000000000004e-06,0.032,0.004
2.7320000000000007e-06,0.032,0.004
2.736e-06,0.032,0.004
2.7400000000000004e-06,0.028,0.004
2.7440000000000007e-06,0.032,0.004
2.748e-06,0.032,0.004
2.7520000000000005e-06,0.032,0.004
2.756000000000001e-06,0.036000000000000004,0.004
2.7600000000000003e-06,0.04,0.004
2.7640000000000006e-06,0.036000000000000004,0.004
2.768000000000001e-06,0.036000000000000004,0.004
2.7720000000000003e-06,0.036000000000000004,0.004
2.7760000000000006e-06,0.028,0.004
2.780000000000001e-06,0.036000000000000004,0.004
2.7840000000000004e-06,0.04,0.004
2.7880000000000007e-06,0.036000000000000004,0.004
2.792000000000001e-06,0.044,0.004
2.7960000000000004e-06,0.04,0.004
2.8000000000000007e-06,0.04,0.004
2.804e-06,0.044,0.004
2.8080000000000005e-06,0.048,0.004
2.8120000000000008e-06,0.048,0.004
2.8160000000000002e-06,0.048,0.004
2.8200000000000005e-06,0.048,0.004
2.824000000000001e-06,0.052000000000000005,0.004
2.8280000000000003e-06,0.052000000000000005,0.004
2.8320000000000006e-06,0.056,0.004
2.836000000000001e-06,0.06,0.004
2.8400000000000003e-06,0.06,0.004
2.8440000000000006e-06,0.06,0.004
2.848000000000001e-06,0.06,0.004
2.8520000000000004e-06,0.064,0.004
2.8560000000000007e-06,0.068,0.004
2.86e-06,0.068,0.004
2.8640000000000004e-06,0.07200000000000001,0.004
2.8680000000000007e-06,0.068,0.004
2.872e-06,0.08,0.004
2.8760000000000005e-06,0.076,0.004
2.880000000000001e-06,0.08,0.004
2.8840000000000003e-06,0.08,0.004
2.8880000000000006e-06,0.084,0.004
2.892000000000001e-06,0.084,0.004
2.8960000000000003e-06,0.08,0.004
2.9000000000000006e-06,0.088,0.004
2.904000000000001e-06,0.088,0.004
2.9080000000000004e-06,0.088,0.004
2.9120000000000007e-06,0.092,0.004
2.916000000000001e-06,0.092,0.004
2.9200000000000004e-06,0.088,0.004
2.9240000000000007e-06,0.092,0.004
2.928e-06,0.096,0.004
2.9320000000000005e-06,0.092,0.004
2.9360000000000008e-06,0.092,0.004
2.9400000000000002e-06,0.092,0.004
2.9440000000000005e-06,0.088,0.004
2.948000000000001e-06,0.088,0.004
2.9520000000000003e-06,0.096,0.004
2.9560000000000006e-06,0.088,0.004
2.960000000000001e-06,0.088,0.004
2.9640000000000003e-06,0.088,0.004
2.9680000000000006e-06,0.084,0.004
2.972000000000001e-06,0.088,0.004
2.9760000000000004e-06,0.084,0.004
2.9800000000000007e-06,0.08,0.004
2.984000000000001e-06,0.084,0.004
2.9880000000000004e-06,0.08,0.004
2.9920000000000007e-06,0.07200000000000001,0.004
2.996e-06,0.07200000000000001,0.004
3.0000000000000005e-06,0.076,0.004
3.004000000000001e-06,0.076,0.004
3.0080000000000003e-06,0.07200000000000001,0.004
3.0120000000000006e-06,0.07200000000000001,0.004
3.016000000000001e-06,0.068,0.004
3.0200000000000003e-06,0.07200000000000001,0.004
3.0240000000000006e-06,0.068,0.004
3.028000000000001e-06,0.068,0.004
3.0320000000000004e-06,0.064,0.004
3.0360000000000007e-06,0.068,0.004
3.040000000000001e-06,0.064,0.004
3.0440000000000004e-06,0.064,0.004
3.0480000000000007e-06,0.064,0.004
3.052e-06,0.06,0.004
3.0560000000000005e-06,0.056,0.004
3.0600000000000008e-06,0.056,0.004
3.0640000000000002e-06,0.048,0.004
3.0680000000000005e-06,0.048,0.004
3.072000000000001e-06,0.056,0.004
3.0760000000000003e-06,0.052000000000000005,0.004
3.0800000000000006e-06,0.052000000000000005,0.004
3.084000000000001e-06,0.052000000000000005,0.004
3.0880000000000003e-06,0.052000000000000005,0.004
3.0920000000000006e-06,0.048,0.004
3.096000000000001e-06,0.048,0.004
3.1000000000000004e-06,0.048,0.004
3.1040000000000007e-06,0.048,0.004
3.108000000000001e-06,0.052000000000000005,0.004
3.1120000000000004e-06,0.048,0.004
3.1160000000000007e-06,0.048,0.004
3.12e-06,0.052000000000000005,0.004
3.1240000000000005e-06,0.048,0.004
3.128000000000001e-06,0.048,0.004
3.1320000000000003e-06,0.048,0.004
3.1360000000000006e-06,0.048,0.004
3.140000000000001e-06,0.044,0.004
3.1440000000000003e-06,0.044,0.004
3.1480000000000006e-06,0.044,0.004
3.152000000000001e-06,0.044,0.004
3.1560000000000004e-06,0.048,0.004
3.1600000000000007e-06,0.044,0.004
3.164000000000001e-06,0.04,0.004
3.1680000000000004e-06,0.04,0.004
3.1720000000000007e-06,0.04,0.004
3.176e-06,0.044,0.004
3.1800000000000005e-06,0.044,0.004
3.1840000000000008e-06,0.04,0.004
3.1880000000000002e-06,0.04,0.004
3.1920000000000005e-06,0.04,0.004
3.196000000000001e-06,0.036000000000000004,0.004
3.2000000000000003e-06,0.04,0.004
3.2040000000000006e-06,0.04,0.004
3.208000000000001e-06,0.04,0.004
3.2120000000000003e-06,0.036000000000000004,0.004
3.2160000000000006e-06,0.04,0.004
3.220000000000001e-06,0.04,0.004
3.2240000000000004e-06,0.044,0.004
3.2280000000000007e-06,0.04,0.004
3.232000000000001e-06,0.036000000000000004,0.004
3.2360000000000004e-06,0.044,0.004
3.2400000000000007e-06,0.04,0.004
3.244e-06,0.044,0.004
3.2480000000000005e-06,0.04,0.004
3.252000000000001e-06,0.04,0.004
3.2560000000000003e-06,0.04,0.004
3.2600000000000006e-06,0.036000000000000004,0.004
3.264000000000001e-06,0.04,0.004
3.2680000000000003e-06,0.044,0.004
3.2720000000000006e-06,0.04,0.004
3.276000000000001e-06,0.036000000000000004,0.004
3.2800000000000004e-06,0.036000000000000004,0.004
3.2840000000000007e-06,0.04,0.004
3.288000000000001e-06,0.036000000000000004,0.004
3.2920000000000004e-06,0.036000000000000004,0.004
3.2960000000000007e-06,0.044,0.004
3.3e-06,0.04,0.004
3.3040000000000005e-06,0.036000000000000004,0.004
3.3080000000000008e-06,0.04,0.004
3.3120000000000002e-06,0.036000000000000004,0.004
3.3160000000000005e-06,0.036000000000000004,0.004
3.320000000000001e-06,0.032,0.004
3.3240000000000003e-06,0.04,0.004
3.3280000000000006e-06,0.04,0.004
3.332000000000001e-06,0.036000000000000004,0.004
3.3360000000000003e-06,0.036000000000000004,0.004
3.3400000000000006e-06,0.04,0.004
3.344000000000001e-06,0.036000000000000004,0.004
3.3480000000000004e-06,0.036000000000000004,0.004
3.3520000000000007e-06,0.044,0.004
3.356000000000001e-06,0.036000000000000004,0.004
3.3600000000000004e-06,0.036000000000000004,0.004
3.3640000000000007e-06,0.036000000000000004,0.004
3.368e-06,0.044,0.004
3.3720000000000005e-06,0.036000000000000004,0.004
3.376000000000001e-06,0.04,0.004
3.3800000000000002e-06,0.04,0.004
3.3840000000000005e-06,0.036000000000000004,0.004
3.388000000000001e-06,0.036000000000000004,0.004
3.3920000000000003e-06,0.04,0.004
3.3960000000000006e-06,0.04,0.004
3.400000000000001e-06,0.04,0.004
3.4040000000000004e-06,0.04,0.004
3.4080000000000007e-06,0.044,0.004
3.412000000000001e-06,0.036000000000000004,0.004
3.4160000000000004e-06,0.04,0.004
3.4200000000000007e-06,0.044,0.004
3.424000000000001e-06,0.044,0.004
3.4280000000000005e-06,0.04,0.004
3.4320000000000008e-06,0.044,0.004
3.4360000000000002e-06,0.044,0.004
3.4400000000000005e-06,0.04,0.004
3.444000000000001e-06,0.04,0.004
3.4480000000000003e-06,0.044,0.004
3.4520000000000006e-06,0.044,0.004
3.456000000000001e-06,0.048,0.004
3.4600000000000003e-06,0.036000000000000004,0.004
3.4640000000000006e-06,0.04,0.004
3.468000000000001e-06,0.044,0.004
3.4720000000000004e-06,0.04,0.004
3.4760000000000007e-06,0.048,0.004
3.480000000000001e-06,0.044,0.004
3.4840000000000004e-06,0.044,0.004
3.4880000000000007e-06,0.048,0.004
3.492e-06,0.048,0.004
3.4960000000000005e-06,0.044,0.004
3.500000000000001e-06,0.044,0.004
3.5040000000000002e-06,0.052000000000000005,0.004
3.5080000000000005e-06,0.044,0.004
3.512000000000001e-06,0.044,0.004
3.5160000000000003e-06,0.048,0.004
3.5200000000000006e-06,0.052000000000000005,0.004
3.524000000000001e-06,0.048,0.004
3.5280000000000004e-06,0.048,0.004
3.5320000000000007e-06,0.048,0.004
3.536000000000001e-06,0.052000000000000005,0.004
3.5400000000000004e-06,0.048,0.004
3.5440000000000007e-06,0.052000000000000005,0.004
3.548000000000001e-06,0.052000000000000005,0.004
3.5520000000000005e-06,0.052000000000000005,0.004
3.5560000000000008e-06,0.056,0.004
3.5600000000000002e-06,0.052000000000000005,0.004
3.5640000000000005e-06,0.052000000000000005,0.004
3.568000000000001e-06,0.052000000000000005,0.004
3.5720000000000003e-06,0.052000000000000005,0.004
3.5760000000000006e-06,0.06,0.004
3.580000000000001e-06,0.052000000000000005,0.004
3.5840000000000003e-06,0.06,0.004
3.5880000000000006e-06,0.056,0.004
3.592000000000001e-06,0.056,0.004
3.5960000000000004e-06,0.06,0.004
3.6000000000000007e-06,0.06,0.004
3.604000000000001e-06,0.06,0.004
3.6080000000000004e-06,0.06,0.004
3.6120000000000007e-06,0.064,0.004
3.616e-06,0.064,0.004
3.6200000000000005e-06,0.064,0.004
3.624000000000001e-06,0.064,0.004
3.6280000000000002e-06,0.064,0.004
3.6320000000000005e-06,0.064,0.004
3.636000000000001e-06,0.068,0.004
3.6400000000000003e-06,0.06,0.004
3.6440000000000006e-06,0.064,0.004
3.648000000000001e-06,0.07200000000000001,0.004
3.6520000000000004e-06,0.068,0.004
3.6560000000000007e-06,0.07200000000000001,0.004
3.660000000000001e-06,0.068,0.004
3.6640000000000004e-06,0.07200000000000001,0.004
3.6680000000000007e-06,0.068,0.004
3.672000000000001e-06,0.068,0.004
3.6760000000000005e-06,0.068,0.004
3.6800000000000008e-06,0.068,0.004
3.6840000000000002e-06,0.068,0.004
3.6880000000000005e-06,0.068,0.004
3.692000000000001e-06,0.07200000000000001,0.004
3.6960000000000003e-06,0.07200000000000001,0.004
3.7000000000000006e-06,0.068,0.004
3.704000000000001e-06,0.076,0.004
3.7080000000000003e-06,0.07200000000000001,0.004
3.7120000000000006e-06,0.07200000000000001,0.004
3.716000000000001e-06,0.07200000000000001,0.004
3.7200000000000004e-06,0.07200000000000001,0.004
3.7240000000000007e-06,0.07200000000000001,0.004
3.728000000000001e-06,0.07200000000000001,0.004
3.7320000000000004e-06,0.068,0.004
3.7360000000000007e-06,0.068,0.004
3.740000000000001e-06,0.068,0.004
3.7440000000000005e-06,0.068,0.004
3.748000000000001e-06,0.07200000000000001,0.004
3.7520000000000002e-06,0.068,0.004
3.7560000000000005e-06,0.07200000000000001,0.004
3.760000000000001e-06,0.064,0.004
3.7640000000000003e-06,0.068,0.004
3.7680000000000006e-06,0.064,0.004
3.772000000000001e-06,0.068,0.004
3.7760000000000004e-06,0.068,0.004
3.7800000000000007e-06,0.068,0.004
3.784000000000001e-06,0.068,0.004
3.7880000000000004e-06,0.064,0.004
3.7920000000000007e-06,0.06,0.004
3.796000000000001e-06,0.064,0.004
3.8000000000000005e-06,0.068,0.004
3.8040000000000008e-06,0.064,0.004
3.8080000000000002e-06,0.06,0.004
3.8120000000000005e-06,0.064,0.004
3.816e-06,0.064,0.004
3.820000000000001e-06,0.064,0.004
3.824000000000001e-06,0.06,0.004
3.828000000000001e-06,0.06,0.004
3.832e-06,0.06,0.004
3.836e-06,0.06,0.004
3.8400000000000005e-06,0.06,0.004
3.844000000000001e-06,0.06,0.004
3.848000000000001e-06,0.064,0.004
3.852000000000001e-06,0.06,0.004
3.856e-06,0.056,0.004
3.86e-06,0.06,0.004
3.864000000000001e-06,0.06,0.004
3.868000000000001e-06,0.056,0.004
3.872000000000001e-06,0.056,0.004
3.876e-06,0.056,0.004
3.88e-06,0.056,0.004
3.884e-06,0.052000000000000005,0.004
3.888000000000001e-06,0.056,0.004
3.892000000000001e-06,0.056,0.004
3.896000000000001e-06,0.056,0.004
3.9e-06,0.052000000000000005,0.004
3.904e-06,0.052000000000000005,0.004
3.9080000000000005e-06,0.052000000000000005,0.004
3.912000000000001e-06,0.052000000000000005,0.004
3.916000000000001e-06,0.056,0.004
3.9200000000000014e-06,0.052000000000000005,0.004
3.924e-06,0.052000000000000005,0.004
3.928e-06,0.056,0.004
3.932000000000001e-06,0.052000000000000005,0.004
3.936000000000001e-06,0.048,0.004
3.940000000000001e-06,0.052000000000000005,0.004
3.944e-06,0.06,0.004
3.948e-06,0.052000000000000005,0.004
3.9520000000000004e-06,0.056,0.004
3.956000000000001e-06,0.048,0.004
3.960000000000001e-06,0.052000000000000005,0.004
3.964000000000001e-06,0.048,0.004
3.968e-06,0.056,0.004
3.972e-06,0.056,0.004
3.9760000000000006e-06,0.052000000000000005,0.004
3.980000000000001e-06,0.056,0.004
3.984000000000001e-06,0.052000000000000005,0.004
3.9880000000000015e-06,0.044,0.004
3.992e-06,0.056,0.004
3.996e-06,0.052000000000000005,0.004
4.000000000000001e-06,0.052000000000000005,0.004
4.004000000000001e-06,0.048,0.004
4.008000000000001e-06,0.052000000000000005,0.004
4.012e-06,0.052000000000000005,0.004
4.016e-06,0.052000000000000005,0.004
4.0200000000000005e-06,0.056,0.004
4.024000000000001e-06,0.048,0.004
4.028000000000001e-06,0.052000000000000005,0.004
4.032000000000001e-06,0.052000000000000005,0.004
4.036e-06,0.052000000000000005,0.004
4.04e-06,0.048,0.004
4.044000000000001e-06,0.056,0.004
4.048000000000001e-06,0.052000000000000005,0.004
4.052000000000001e-06,0.056,0.004
4.056e-06,0.052000000000000005,0.004
4.06e-06,0.056,0.004
4.064e-06,0.052000000000000005,0.004
4.068000000000001e-06,0.048,0.004
4.072000000000001e-06,0.052000000000000005,0.004
4.076000000000001e-06,0.052000000000000005,0.004
4.08e-06,0.056,0.004
4.084e-06,0.056,0.004
4.0880000000000005e-06,0.056,0.004
4.092000000000001e-06,0.056,0.004
4.096000000000001e-06,0.052000000000000005,0.004
4.100000000000001e-06,0.06,0.004
4.104e-06,0.06,0.004
4.108e-06,0.06,0.004
4.112000000000001e-06,0.056,0.004
4.116000000000001e-06,0.056,0.004
4.120000000000001e-06,0.056,0.004
4.124e-06,0.06,0.004
4.128e-06,0.06,0.004
4.132e-06,0.06,0.004
4.136000000000001e-06,0.056,0.004
4.140000000000001e-06,0.06,0.004
4.144000000000001e-06,0.068,0.004
4.148e-06,0.064,0.004
4.152e-06,0.064,0.004
4.1560000000000005e-06,0.064,0.004
4.160000000000001e-06,0.068,0.004
4.164000000000001e-06,0.064,0.004
4.1680000000000014e-06,0.064,0.004
4.172e-06,0.07200000000000001,0.004
4.176e-06,0.068,0.004
4.180000000000001e-06,0.068,0.004
4.184000000000001e-06,0.068,0.004
4.188000000000001e-06,0.07200000000000001,0.004
4.192e-06,0.07200000000000001,0.004
4.196e-06,0.07200000000000001,0.004
4.2000000000000004e-06,0.07200000000000001,0.004
4.204000000000001e-06,0.07200000000000001,0.004
4.208000000000001e-06,0.076,0.004
4.212000000000001e-06,0.076,0.004
4.216e-06,0.08,0.004
4.22e-06,0.07200000000000001,0.004
4.2240000000000006e-06,0.076,0.004
4.228000000000001e-06,0.076,0.004
4.232000000000001e-06,0.076,0.004
4.2360000000000015e-06,0.076,0.004
4.24e-06,0.076,0.004
4.244e-06,0.08,0.004
4.248000000000001e-06,0.076,0.004
4.252000000000001e-06,0.076,0.004
4.256000000000001e-06,0.076,0.004
4.26e-06,0.076,0.004
4.264e-06,0.076,0.004
4.2680000000000005e-06,0.08,0.004
4.272000000000001e-06,0.08,0.004
4.276000000000001e-06,0.084,0.004
4.280000000000001e-06,0.08,0.004
4.284e-06,0.08,0.004
4.288e-06,0.076,0.004
4.292000000000001e-06,0.08,0.004
4.296000000000001e-06,0.08,0.004
4.300000000000001e-06,0.076,0.004
4.3040000000000015e-06,0.076,0.004
4.308e-06,0.076,0.004
4.312e-06,0.08,0.004
4.316000000000001e-06,0.08,0.004
4.320000000000001e-06,0.076,0.004
4.324000000000001e-06,0.08,0.004
4.328e-06,0.076,0.004
4.332e-06,0.076,0.004
4.3360000000000005e-06,0.07200000000000001,0.004
4.340000000000001e-06,0.076,0.004
4.344000000000001e-06,0.068,0.004
4.348000000000001e-06,0.07200000000000001,0.004
4.352e-06,0.07200000000000001,0.004
4.356e-06,0.07200000000000001,0.004
4.360000000000001e-06,0.068,0.004
4.364000000000001e-06,0.07200000000000001,0.004
4.368000000000001e-06,0.068,0.004
4.372e-06,0.068,0.004
4.376e-06,0.07200000000000001,0.004
4.38e-06,0.068,0.004
4.384000000000001e-06,0.068,0.004
4.388000000000001e-06,0.064,0.004
4.392000000000001e-06,0.068,0.004
4.396e-06,0.06,0.004
4.4e-06,0.064,0.004
4.4040000000000005e-06,0.06,0.004
4.408000000000001e-06,0.064,0.004
4.412000000000001e-06,0.064,0.004
4.4160000000000014e-06,0.064,0.004
4.42e-06,0.06,0.004
4.424e-06,0.06,0.004
4.428000000000001e-06,0.06,0.004
4.432000000000001e-06,0.064,0.004
4.436000000000001e-06,0.06,0.004
4.44e-06,0.064,0.004
4.444e-06,0.056,0.004
4.4480000000000004e-06,0.06,0.004
4.452000000000001e-06,0.056,0.004
4.456000000000001e-06,0.056,0.004
4.460000000000001e-06,0.052000000000000005,0.004
4.464e-06,0.056,0.004
4.468e-06,0.056,0.004
4.4720000000000006e-06,0.056,0.004
4.476000000000001e-06,0.056,0.004
4.4799999999999995e-06,0.056,0.004
4.484e-06,0.056,0.004
4.488e-06,0.048,0.004
4.492e-06,0.048,0.004
4.496000000000001e-06,0.056,0.004
4.500000000000001e-06,0.052000000000000005,0.004
4.5039999999999996e-06,0.052000000000000005,0.004
4.508e-06,0.048,0.004
4.512e-06,0.056,0.004
4.5160000000000005e-06,0.052000000000000005,0.004
4.520000000000001e-06,0.056,0.004
4.524000000000001e-06,0.052000000000000005,0.004
4.528e-06,0.056,0.004
4.532e-06,0.048,0.004
4.536e-06,0.048,0.004
4.540000000000001e-06,0.052000000000000005,0.004
4.544000000000001e-06,0.048,0.004
4.5479999999999995e-06,0.048,0.004
4.552e-06,0.048,0.004
4.556e-06,0.048,0.004
4.56e-06,0.048,0.004
4.564000000000001e-06,0.048,0.004
4.568000000000001e-06,0.052000000000000005,0.004
4.572e-06,0.048,0.004
4.576e-06,0.048,0.004
4.58e-06,0.048,0.004
4.5840000000000005e-06,0.052000000000000005,0.004
4.588000000000001e-06,0.048,0.004
4.591999999999999e-06,0.056,0.004
4.596e-06,0.048,0.004
4.6e-06,0.044,0.004
4.604e-06,0.048,0.004
4.608000000000001e-06,0.052000000000000005,0.004
4.612000000000001e-06,0.052000000000000005,0.004
4.6159999999999995e-06,0.044,0.004
4.62e-06,0.048,0.004
4.624e-06,0.048,0.004
4.628e-06,0.052000000000000005,0.004
4.632000000000001e-06,0.048,0.004
4.636000000000001e-06,0.048,0.004
4.64e-06,0.048,0.004
4.644e-06,0.048,0.004
4.648e-06,0.044,0.004
4.6520000000000005e-06,0.044,0.004
4.656000000000001e-06,0.052000000000000005,0.004
4.6599999999999994e-06,0.048,0.004
4.664e-06,0.048,0.004
4.668e-06,0.044,0.004
4.672e-06,0.044,0.004
4.676000000000001e-06,0.044,0.004
4.680000000000001e-06,0.04,0.004
4.6839999999999995e-06,0.048,0.004
4.688e-06,0.048,0.004
4.692e-06,0.044,0.004
4.6960000000000004e-06,0.04,0.004
4.700000000000001e-06,0.044,0.004
4.704000000000001e-06,0.048,0.004
4.708e-06,0.048,0.004
4.712e-06,0.048,0.004
4.716e-06,0.044,0.004
4.7200000000000005e-06,0.044,0.004
4.724000000000001e-06,0.044,0.004
4.7279999999999995e-06,0.04,0.004
4.732e-06,0.044,0.004
4.736e-06,0.048,0.004
4.74e-06,0.044,0.004
4.744000000000001e-06,0.044,0.004
4.748000000000001e-06,0.044,0.004
4.7519999999999996e-06,0.048,0.004
4.756e-06,0.044,0.004
4.76e-06,0.048,0.004
4.7640000000000005e-06,0.044,0.004
4.768000000000001e-06,0.04,0.004
4.772000000000001e-06,0.044,0.004
4.776e-06,0.044,0.004
4.78e-06,0.04,0.004
4.784e-06,0.044,0.004
4.7880000000000006e-06,0.044,0.004
4.792000000000001e-06,0.044,0.004
4.7959999999999995e-06,0.04,0.004
4.8e-06,0.036000000000000004,0.004
4.804e-06,0.044,0.004
4.808e-06,0.044,0.004
4.812000000000001e-06,0.044,0.004
4.816000000000001e-06,0.04,0.004
4.82e-06,0.044,0.004
4.824e-06,0.044,0.004
4.828e-06,0.048,0.004
4.8320000000000005e-06,0.044,0.004
4.836000000000001e-06,0.048,0.004
4.840000000000001e-06,0.044,0.004
4.844e-06,0.04,0.004
4.848e-06,0.044,0.004
4.852e-06,0.044,0.004
4.856000000000001e-06,0.044,0.004
4.860000000000001e-06,0.04,0.004
4.8639999999999995e-06,0.04,0.004
4.868e-06,0.044,0.004
4.872e-06,0.044,0.004
4.876e-06,0.048,0.004
4.880000000000001e-06,0.044,0.004
4.884000000000001e-06,0.048,0.004
4.888e-06,0.044,0.004
4.892e-06,0.048,0.004
4.896e-06,0.044,0.004
4.9000000000000005e-06,0.044,0.004
4.904000000000001e-06,0.044,0.004
4.9079999999999994e-06,0.048,0.004
4.912e-06,0.048,0.004
4.916e-06,0.044,0.004
4.92e-06,0.044,0.004
4.924000000000001e-06,0.044,0.004
4.928000000000001e-06,0.044,0.004
4.9319999999999995e-06,0.044,0.004
4.936e-06,0.044,0.004
4.94e-06,0.048,0.004
4.9440000000000004e-06,0.044,0.004
4.948000000000001e-06,0.048,0.004
4.952000000000001e-06,0.048,0.004
4.956e-06,0.048,0.004
4.96e-06,0.052000000000000005,0.004
4.964e-06,0.052000000000000005,0.004
4.9680000000000005e-06,0.048,0.004
4.972000000000001e-06,0.044,0.004
4.9759999999999995e-06,0.048,0.004
4.98e-06,0.044,0.004
4.984e-06,0.052000000000000005,0.004
4.988e-06,0.052000000000000005,0.004
4.992000000000001e-06,0.048,0.004
4.996000000000001e-06,0.052000000000000005,0.004
4.9999999999999996e-06,0.048,0.004
5.004e-06,0.052000000000000005,0.004
5.008e-06,0.052000000000000005,0.004
5.0120000000000005e-06,0.052000000000000005,0.004
5.016000000000001e-06,0.056,0.004
5.020000000000001e-06,0.052000000000000005,0.004
5.024e-06,0.056,0.004
5.028e-06,0.056,0.004
5.032e-06,0.056,0.004
5.0360000000000006e-06,0.056,0.004
5.040000000000001e-06,0.056,0.004
5.0439999999999995e-06,0.052000000000000005,0.004
5.048e-06,0.056,0.004
5.052e-06,0.056,0.004
5.056e-06,0.056,0.004
5.060000000000001e-06,0.06,0.004
5.064000000000001e-06,0.06,0.004
5.068e-06,0.064,0.004
5.072e-06,0.06,0.004
5.076e-06,0.056,0.004
5.0800000000000005e-06,0.068,0.004
5.084000000000001e-06,0.064,0.004
5.088000000000001e-06,0.064,0.004
5.092e-06,0.064,0.004
5.096e-06,0.068,0.004
5.1e-06,0.068,0.004
5.104000000000001e-06,0.068,0.004
5.108000000000001e-06,0.064,0.004
5.1119999999999995e-06,0.064,0.004
5.116e-06,0.07200000000000001,0.004
5.12e-06,0.07200000000000001,0.004
5.124e-06,0.07200000000000001,0.004
5.128000000000001e-06,0.068,0.004
5.132000000000001e-06,0.07200000000000001,0.004
5.136e-06,0.07200000000000001,0.004
5.14e-06,0.076,0.004
5.144e-06,0.07200000000000001,0.004
5.1480000000000005e-06,0.076,0.004
5.152000000000001e-06,0.076,0.004
5.156000000000001e-06,0.076,0.004
5.16e-06,0.076,0.004
5.164e-06,0.07200000000000001,0.004
5.168e-06,0.08,0.004
5.172000000000001e-06,0.08,0.004
5.176000000000001e-06,0.08,0.004
5.1799999999999995e-06,0.084,0.004
5.184e-06,0.088,0.004
5.188e-06,0.088,0.004
5.1920000000000004e-06,0.088,0.004
5.196000000000001e-06,0.08,0.004
5.200000000000001e-06,0.084,0.004
5.204e-06,0.084,0.004
5.208e-06,0.088,0.004
5.212e-06,0.084,0.004
5.2160000000000005e-06,0.088,0.004
5.220000000000001e-06,0.088,0.004
5.2239999999999995e-06,0.084,0.004
5.228e-06,0.088,0.004
5.232e-06,0.088,0.004
5.236e-06,0.088,0.004
5.240000000000001e-06,0.088,0.004
5.244000000000001e-06,0.092,0.004
5.2479999999999996e-06,0.088,0.004
5.252e-06,0.088,0.004
5.256e-06,0.088,0.004
5.2600000000000005e-06,0.084,0.004
5.264000000000001e-06,0.092,0.004
5.268000000000001e-06,0.088,0.004
5.272e-06,0.088,0.004
5.276e-06,0.084,0.004
5.28e-06,0.088,0.004
5.2840000000000006e-06,0.084,0.004
5.288000000000001e-06,0.092,0.004
5.2919999999999995e-06,0.088,0.004
5.296e-06,0.088,0.004
5.3e-06,0.088,0.004
5.304e-06,0.088,0.004
5.308000000000001e-06,0.084,0.004
5.312000000000001e-06,0.08,0.004
5.316e-06,0.084,0.004
5.32e-06,0.084,0.004
5.324e-06,0.088,0.004
5.3280000000000005e-06,0.088,0.004
5.332000000000001e-06,0.092,0.004
5.336000000000001e-06,0.088,0.004
5.34e-06,0.088,0.004
5.344e-06,0.084,0.004
5.348e-06,0.088,0.004
5.352000000000001e-06,0.084,0.004
5.356000000000001e-06,0.084,0.004
5.3599999999999995e-06,0.088,0.004
5.364e-06,0.08,0.004
5.368e-06,0.08,0.004
5.372e-06,0.08,0.004
5.376000000000001e-06,0.084,0.004
5.380000000000001e-06,0.084,0.004
5.384e-06,0.084,0.004
5.388e-06,0.084,0.004
5.392e-06,0.076,0.004
5.3960000000000005e-06,0.084,0.004
5.400000000000001e-06,0.084,0.004
5.404000000000001e-06,0.088,0.004
5.408e-06,0.08,0.004
5.412e-06,0.08,0.004
5.416e-06,0.08,0.004
5.420000000000001e-06,0.08,0.004
5.424000000000001e-06,0.076,0.004
5.4279999999999995e-06,0.08,0.004
5.432e-06,0.08,0.004
5.436e-06,0.08,0.004
5.4400000000000004e-06,0.08,0.004
5.444000000000001e-06,0.076,0.004
5.448000000000001e-06,0.08,0.004
5.452e-06,0.076,0.004
5.456e-06,0.076,0.004
5.46e-06,0.076,0.004
5.4640000000000005e-06,0.076,0.004
5.468000000000001e-06,0.076,0.004
5.472000000000001e-06,0.076,0.004
5.476e-06,0.07200000000000001,0.004
5.48e-06,0.08,0.004
5.484e-06,0.076,0.004
5.488000000000001e-06,0.07200000000000001,0.004
5.492000000000001e-06,0.076,0.004
5.4959999999999996e-06,0.076,0.004
5.5e-06,0.076,0.004
5.504e-06,0.076,0.004
5.5080000000000005e-06,0.076,0.004
5.512000000000001e-06,0.076,0.004
5.516000000000001e-06,0.076,0.004
5.52e-06,0.068,0.004
5.524e-06,0.07200000000000001,0.004
5.528e-06,0.07200000000000001,0.004
5.5320000000000006e-06,0.068,0.004
5.536000000000001e-06,0.076,0.004
5.5399999999999995e-06,0.068,0.004
5.544e-06,0.07200000000000001,0.004
5.548e-06,0.07200000000000001,0.004
5.552e-06,0.068,0.004
5.556000000000001e-06,0.076,0.004
5.560000000000001e-06,0.076,0.004
5.564e-06,0.07200000000000001,0.004
5.568e-06,0.076,0.004
5.572e-06,0.07200000000000001,0.004
5.5760000000000005e-06,0.064,0.004
5.580000000000001e-06,0.068,0.004
5.584000000000001e-06,0.07200000000000001,0.004
5.588e-06,0.07200000000000001,0.004
5.592e-06,0.07200000000000001,0.004
5.596e-06,0.068,0.004
5.600000000000001e-06,0.07200000000000001,0.004
5.604000000000001e-06,0.07200000000000001,0.004
5.6079999999999995e-06,0.07200000000000001,0.004
5.612e-06,0.068,0.004
5.616e-06,0.068,0.004
5.62e-06,0.068,0.004
5.624000000000001e-06,0.064,0.004
5.628000000000001e-06,0.07200000000000001,0.004
5.632e-06,0.068,0.004
5.636e-06,0.064,0.004
5.64e-06,0.068,0.004
5.6440000000000005e-06,0.07200000000000001,0.004
5.648000000000001e-06,0.064,0.004
5.652000000000001e-06,0.064,0.004
5.656e-06,0.068,0.004
5.66e-06,0.06,0.004
5.664e-06,0.064,0.004
5.668000000000001e-06,0.064,0.004
5.672000000000001e-06,0.064,0.004
5.6759999999999995e-06,0.064,0.004
5.68e-06,0.064,0.004
5.684e-06,0.064,0.004
5.6880000000000004e-06,0.068,0.004
5.692000000000001e-06,0.068,0.004
5.696000000000001e-06,0.064,0.004
5.7e-06,0.068,0.004
5.704e-06,0.068,0.004
5.708e-06,0.064,0.004
5.7120000000000005e-06,0.064,0.004
5.716000000000001e-06,0.068,0.004
5.720000000000001e-06,0.056,0.004
5.724e-06,0.06,0.004
5.728e-06,0.064,0.004
5.732e-06,0.068,0.004
5.736000000000001e-06,0.06,0.004
5.740000000000001e-06,0.064,0.004
5.7439999999999996e-06,0.068,0.004
5.748e-06,0.064,0.004
5.752e-06,0.068,0.004
5.7560000000000005e-06,0.068,0.004
5.760000000000001e-06,0.064,0.004
5.764000000000001e-06,0.06,0.004
5.768e-06,0.06,0.004
5.772e-06,0.06,0.004
5.776e-06,0.064,0.004
5.7800000000000006e-06,0.06,0.004
5.784000000000001e-06,0.064,0.004
5.788000000000001e-06,0.06,0.004
5.792e-06,0.064,0.004
5.796e-06,0.068,0.004
5.8e-06,0.06,0.004
5.804000000000001e-06,0.06,0.004
5.808000000000001e-06,0.064,0.004
5.812e-06,0.064,0.004
5.816e-06,0.064,0.004
5.82e-06,0.068,0.004
5.8240000000000005e-06,0.064,0.004
5.828000000000001e-06,0.064,0.004
5.832000000000001e-06,0.068,0.004
5.836e-06,0.06,0.004
5.84e-06,0.06,0.004
5.844e-06,0.068,0.004
5.848000000000001e-06,0.064,0.004
5.852000000000001e-06,0.064,0.004
5.8559999999999995e-06,0.068,0.004
5.86e-06,0.064,0.004
5.864e-06,0.064,0.004
5.868e-06,0.064,0.004
5.872000000000001e-06,0.064,0.004
5.876000000000001e-06,0.064,0.004
5.88e-06,0.064,0.004
5.884e-06,0.064,0.004
5.888e-06,0.064,0.004
5.8920000000000005e-06,0.064,0.004
5.896000000000001e-06,0.06,0.004
5.900000000000001e-06,0.068,0.004
5.904e-06,0.064,0.004
5.908e-06,0.064,0.004
5.912e-06,0.064,0.004
5.916000000000001e-06,0.064,0.004
5.920000000000001e-06,0.06,0.004
5.9239999999999995e-06,0.064,0.004
5.928e-06,0.064,0.004
5.932e-06,0.064,0.004
5.9360000000000004e-06,0.064,0.004
5.940000000000001e-06,0.068,0.004
5.944000000000001e-06,0.06,0.004
5.948e-06,0.068,0.004
5.952e-06,0.064,0.004
5.956e-06,0.064,0.004
5.9600000000000005e-06,0.064,0.004
5.964000000000001e-06,0.068,0.004
5.968000000000001e-06,0.06,0.004
5.972e-06,0.068,0.004
5.976e-06,0.068,0.004
5.98e-06,0.064,0.004
5.984000000000001e-06,0.068,0.004
5.988000000000001e-06,0.064,0.004
5.9919999999999996e-06,0.068,0.004
5.996e-06,0.068,0.004
6e-06,0.068,0.004
6.0040000000000005e-06,0.07200000000000001,0.004
6.008000000000001e-06,0.068,0.004
6.012000000000001e-06,0.068,0.004
6.016e-06,0.064,0.004
6.02e-06,0.07200000000000001,0.004
6.024e-06,0.07200000000000001,0.004
6.0280000000000006e-06,0.068,0.004
6.032000000000001e-06,0.068,0.004
6.036000000000001e-06,0.064,0.004
6.04e-06,0.07200000000000001,0.004
6.044e-06,0.068,0.004
6.048e-06,0.068,0.004
6.052000000000001e-06,0.064,0.004
6.056000000000001e-06,0.07200000000000001,0.004
6.06e-06,0.07200000000000001,0.004
6.064e-06,0.068,0.004
6.068e-06,0.07200000000000001,0.004
6.0720000000000005e-06,0.068,0.004
6.076000000000001e-06,0.07200000000000001,0.004
6.080000000000001e-06,0.07200000000000001,0.004
6.084e-06,0.068,0.004
6.088e-06,0.068,0.004
6.092e-06,0.07200000000000001,0.004
6.096000000000001e-06,0.07200000000000001,0.004
6.100000000000001e-06,0.07200000000000001,0.004
6.1039999999999995e-06,0.068,0.004
6.108e-06,0.07200000000000001,0.004
6.112e-06,0.07200000000000001,0.004
6.116e-06,0.07200000000000001,0.004
6.120000000000001e-06,0.068,0.004
6.124000000000001e-06,0.07200000000000001,0.004
6.128e-06,0.07200000000000001,0.004
6.132e-06,0.068,0.004
6.136e-06,0.07200000000000001,0.004
6.1400000000000005e-06,0.076,0.004
6.144000000000001e-06,0.07200000000000001,0.004
6.148000000000001e-06,0.068,0.004
6.152e-06,0.07200000000000001,0.004
6.156e-06,0.076,0.004
6.16e-06,0.068,0.004
6.164000000000001e-06,0.07200000000000001,0.004
6.168000000000001e-06,0.07200000000000001,0.004
6.1719999999999995e-06,0.076,0.004
6.176e-06,0.08,0.004
6.18e-06,0.07200000000000001,0.004
6.184e-06,0.07200000000000001,0.004
6.188000000000001e-06,0.07200000000000001,0.004
6.192000000000001e-06,0.07200000000000001,0.004
6.196e-06,0.076,0.004
6.2e-06,0.07200000000000001,0.004
6.204e-06,0.07200000000000001,0.004
6.2080000000000005e-06,0.076,0.004
6.212000000000001e-06,0.068,0.004
6.216000000000001e-06,0.068,0.004
6.22e-06,0.068,0.004
6.224e-06,0.07200000000000001,0.004
6.228e-06,0.07200000000000001,0.004
6.232000000000001e-06,0.064,0.004
6.236000000000001e-06,0.068,0.004
6.2399999999999995e-06,0.07200000000000001,0.004
6.244e-06,0.07200000000000001,0.004
6.248e-06,0.068,0.004
6.2520000000000004e-06,0.068,0.004
6.256000000000001e-06,0.068,0.004
6.260000000000001e-06,0.07200000000000001,0.004
6.264e-06,0.068,0.004
6.268e-06,0.07200000000000001,0.004
6.272e-06,0.07200000000000001,0.004
6.2760000000000006e-06,0.07200000000000001,0.004
6.280000000000001e-06,0.068,0.004
6.284000000000001e-06,0.076,0.004
6.288e-06,0.07200000000000001,0.004
6.292e-06,0.068,0.004
6.296e-06,0.07200000000000001,0.004
6.300000000000001e-06,0.064,0.004
6.304000000000001e-06,0.07200000000000001,0.004
6.3079999999999996e-06,0.068,0.004
6.312e-06,0.064,0.004
6.316e-06,0.064,0.004
6.3200000000000005e-06,0.07200000000000001,0.004
6.324000000000001e-06,0.068,0.004
6.328000000000001e-06,0.076,0.004
6.332e-06,0.068,0.004
6.336e-06,0.068,0.004
6.34e-06,0.068,0.004
6.344000000000001e-06,0.07200000000000001,0.004
6.348000000000001e-06,0.07200000000000001,0.004
6.352000000000001e-06,0.068,0.004
6.356e-06,0.068,0.004
6.36e-06,0.068,0.004
6.364e-06,0.068,0.004
6.368000000000001e-06,0.064,0.004
6.372000000000001e-06,0.068,0.004
6.376e-06,0.064,0.004
6.38e-06,0.064,0.004
6.384e-06,0.064,0.004
6.3880000000000005e-06,0.064,0.004
6.392000000000001e-06,0.064,0.004
6.396000000000001e-06,0.064,0.004
6.4e-06,0.068,0.004
6.404e-06,0.06,0.004
6.408e-06,0.064,0.004
6.412000000000001e-06,0.068,0.004
6.416000000000001e-06,0.068,0.004
6.4199999999999995e-06,0.064,0.004
6.424e-06,0.064,0.004
6.428e-06,0.064,0.004
6.432e-06,0.068,0.004
6.436000000000001e-06,0.068,0.004
6.440000000000001e-06,0.064,0.004
6.444e-06,0.064,0.004
6.448e-06,0.06,0.004
6.452e-06,0.06,0.004
6.4560000000000005e-06,0.06,0.004
6.460000000000001e-06,0.064,0.004
6.464000000000001e-06,0.064,0.004
6.468e-06,0.064,0.004
6.472e-06,0.06,0.004
6.476e-06,0.064,0.004
6.480000000000001e-06,0.068,0.004
6.484000000000001e-06,0.06,0.004
6.4879999999999995e-06,0.06,0.004
6.492e-06,0.068,0.004
6.496e-06,0.068,0.004
6.5000000000000004e-06,0.068,0.004
6.504000000000001e-06,0.06,0.004
6.508000000000001e-06,0.064,0.004
6.512e-06,0.06,0.004
6.516e-06,0.064,0.004
6.52e-06,0.06,0.004
6.5240000000000006e-06,0.064,0.004
6.528000000000001e-06,0.064,0.004
6.532000000000001e-06,0.06,0.004
6.536e-06,0.064,0.004
6.54e-06,0.06,0.004
6.544e-06,0.06,0.004
6.548000000000001e-06,0.064,0.004
6.552000000000001e-06,0.064,0.004
6.5559999999999996e-06,0.06,0.004
6.56e-06,0.064,0.004
6.564e-06,0.064,0.004
6.5680000000000005e-06,0.064,0.004
6.572000000000001e-06,0.064,0.004
6.576000000000001e-06,0.064,0.004
6.58e-06,0.056,0.004
6.584e-06,0.06,0.004
6.588e-06,0.064,0.004
6.592000000000001e-06,0.064,0.004
6.596000000000001e-06,0.06,0.004
6.600000000000001e-06,0.064,0.004
6.604e-06,0.06,0.004
6.608e-06,0.064,0.004
6.612e-06,0.064,0.004
6.616000000000001e-06,0.06,0.004
6.620000000000001e-06,0.064,0.004
6.624e-06,0.068,0.004
6.628e-06,0.06,0.004
6.632e-06,0.06,0.004
6.6360000000000005e-06,0.068,0.004
6.640000000000001e-06,0.064,0.004
6.644000000000001e-06,0.068,0.004
6.648e-06,0.064,0.004
6.652e-06,0.06,0.004
6.656e-06,0.064,0.004
6.660000000000001e-06,0.06,0.004
6.664000000000001e-06,0.064,0.004
6.668000000000001e-06,0.064,0.004
6.672e-06,0.068,0.004
6.676e-06,0.06,0.004
6.68e-06,0.064,0.004
6.684000000000001e-06,0.064,0.004
6.688000000000001e-06,0.064,0.004
6.692e-06,0.06,0.004
6.696e-06,0.064,0.004
6.7e-06,0.068,0.004
6.7040000000000005e-06,0.064,0.004
6.708000000000001e-06,0.064,0.004
6.712000000000001e-06,0.06,0.004
6.716e-06,0.068,0.004
6.72e-06,0.064,0.004
6.724e-06,0.068,0.004
6.728000000000001e-06,0.064,0.004
6.732000000000001e-06,0.068,0.004
6.7359999999999995e-06,0.064,0.004
6.74e-06,0.064,0.004
6.744e-06,0.068,0.004
6.7480000000000004e-06,0.068,0.004
6.752000000000001e-06,0.068,0.004
6.756000000000001e-06,0.064,0.004
6.76e-06,0.06,0.004
6.764e-06,0.064,0.004
6.768e-06,0.068,0.004
6.7720000000000006e-06,0.068,0.004
6.776000000000001e-06,0.068,0.004
6.780000000000001e-06,0.064,0.004
6.784e-06,0.07200000000000001,0.004
6.788e-06,0.068,0.004
6.792e-06,0.07200000000000001,0.004
6.796000000000001e-06,0.068,0.004
6.800000000000001e-06,0.07200000000000001,0.004
6.8039999999999996e-06,0.07200000000000001,0.004
6.808e-06,0.07200000000000001,0.004
6.812e-06,0.068,0.004
6.8160000000000005e-06,0.068,0.004
6.820000000000001e-06,0.068,0.004
6.824000000000001e-06,0.07200000000000001,0.004
6.828e-06,0.064,0.004
6.832e-06,0.07200000000000001,0.004
6.836e-06,0.07200000000000001,0.004
